"","Package","LibPath","Version","Priority","Depends","Imports","LinkingTo","Suggests","Enhances","License","License_is_FOSS","License_restricts_use","OS_type","MD5sum","NeedsCompilation","Built"
"abind","abind","C:/Users/Hannah/Documents/R/win-library/4.0","1.4-5",NA,"R (>= 1.5.0)","methods, utils",NA,NA,NA,"LGPL (>= 2)",NA,NA,NA,NA,"no","4.0.0"
"agricolae","agricolae","C:/Users/Hannah/Documents/R/win-library/4.0","1.3-3",NA,"R (>= 2.10)","klaR, MASS, nlme, cluster, AlgDesign, graphics",NA,NA,NA,"GPL",NA,NA,NA,NA,"no","4.0.2"
"AlgDesign","AlgDesign","C:/Users/Hannah/Documents/R/win-library/4.0","1.2.0",NA,NA,NA,NA,NA,NA,"GPL (>= 2)",NA,NA,NA,NA,"yes","4.0.0"
"askpass","askpass","C:/Users/Hannah/Documents/R/win-library/4.0","1.1",NA,NA,"sys (>= 2.1)",NA,"testthat",NA,"MIT + file LICENSE",NA,NA,NA,NA,"yes","4.0.2"
"assertthat","assertthat","C:/Users/Hannah/Documents/R/win-library/4.0","0.2.1",NA,NA,"tools",NA,"testthat, covr",NA,"GPL-3",NA,NA,NA,NA,"no","4.0.2"
"babynames","babynames","C:/Users/Hannah/Documents/R/win-library/4.0","1.0.0",NA,"R (>= 2.10)","tibble",NA,"testthat (>= 2.0.0)",NA,"CC0",NA,NA,NA,NA,"no","4.0.3"
"backports","backports","C:/Users/Hannah/Documents/R/win-library/4.0","1.2.0",NA,"R (>= 3.0.0)",NA,NA,NA,NA,"GPL-2 | GPL-3",NA,NA,NA,NA,"yes","4.0.3"
"base64enc","base64enc","C:/Users/Hannah/Documents/R/win-library/4.0","0.1-3",NA,"R (>= 2.9.0)",NA,NA,NA,"png","GPL-2 | GPL-3",NA,NA,NA,NA,"yes","4.0.0"
"BH","BH","C:/Users/Hannah/Documents/R/win-library/4.0","1.75.0-0",NA,NA,NA,NA,NA,NA,"BSL-1.0",NA,NA,NA,NA,"no","4.0.3"
"bitops","bitops","C:/Users/Hannah/Documents/R/win-library/4.0","1.0-6",NA,NA,NA,NA,NA,NA,"GPL (>= 2)",NA,NA,NA,NA,"yes","4.0.0"
"blob","blob","C:/Users/Hannah/Documents/R/win-library/4.0","1.2.1",NA,NA,"methods, rlang, vctrs (>= 0.2.1)",NA,"covr, crayon, pillar (>= 1.2.1), testthat",NA,"GPL-3",NA,NA,NA,NA,"no","4.0.3"
"BradleyTerry2","BradleyTerry2","C:/Users/Hannah/Documents/R/win-library/4.0","1.1-2",NA,"R (>= 2.10)","brglm, gtools, lme4 (>= 1.0), qvcalc, stats",NA,"prefmod, testthat","gnm","GPL (>= 2)",NA,NA,NA,NA,"no","4.0.3"
"brew","brew","C:/Users/Hannah/Documents/R/win-library/4.0","1.0-6",NA,NA,NA,NA,NA,NA,"GPL-2",NA,NA,NA,NA,NA,"4.0.3"
"brglm","brglm","C:/Users/Hannah/Documents/R/win-library/4.0","0.7.1",NA,"R (>= 2.6.0), profileModel",NA,NA,"MASS",NA,"GPL (>= 2)",NA,NA,NA,NA,"yes","4.0.3"
"brio","brio","C:/Users/Hannah/Documents/R/win-library/4.0","1.1.0",NA,NA,NA,NA,"testthat (>= 2.1.0), covr",NA,"MIT + file LICENSE",NA,NA,NA,NA,"yes","4.0.3"
"broom","broom","C:/Users/Hannah/Documents/R/win-library/4.0","0.7.3",NA,"R (>= 3.1)","backports, dplyr (>= 1.0.0), ellipsis, generics (>= 0.0.2),
glue, methods, purrr, rlang, stringr, tibble (>= 3.0.0), tidyr
(>= 1.0.0)",NA,"AER, akima, AUC, bbmle, betareg, biglm, binGroup, boot,
btergm, car, caret, cluster, coda, covr, drc, e1071, emmeans,
epiR, ergm (>= 3.10.4), fixest (>= 0.5.0), gam (>= 1.15),
gamlss, gamlss.data, gamlss.dist, gee, geepack, ggplot2,
glmnet, glmnetUtils, gmm, Hmisc, irlba, joineRML, Kendall,
knitr, ks, Lahman, lavaan, leaps, lm.beta, lme4, lmodel2,
lmtest (>= 0.9.38), lsmeans, maps, maptools, margins, MASS,
Matrix, mclust, mediation, metafor, mfx, mgcv, mlogit,
modeldata, modeltests, muhaz, multcomp, network, nnet, orcutt
(>= 2.2), ordinal, plm, poLCA, psych, quantreg, rgeos,
rmarkdown, robust, robustbase, rsample, sandwich, sp, spdep,
spatialreg, speedglm, spelling, survey, survival, systemfit,
testthat (>= 2.1.0), tseries, zoo",NA,"MIT + file LICENSE",NA,NA,NA,NA,"no","4.0.3"
"callr","callr","C:/Users/Hannah/Documents/R/win-library/4.0","3.5.1",NA,NA,"processx (>= 3.4.4), R6, utils",NA,"cli, covr, crayon, fansi, pingr, ps, rprojroot, spelling,
testthat, tibble, withr (>= 2.3.0)",NA,"MIT + file LICENSE",NA,NA,NA,NA,"no","4.0.3"
"car","car","C:/Users/Hannah/Documents/R/win-library/4.0","3.0-10",NA,"R (>= 3.5.0), carData (>= 3.0-0)","abind, MASS, mgcv, nnet, pbkrtest (>= 0.4-4), quantreg,
grDevices, utils, stats, graphics, maptools, rio, lme4, nlme",NA,"alr4, boot, coxme, knitr, leaps, lmtest, Matrix,
MatrixModels, rgl (>= 0.93.960), sandwich, SparseM, survival,
survey",NA,"GPL (>= 2)",NA,NA,NA,NA,"no","4.0.3"
"carData","carData","C:/Users/Hannah/Documents/R/win-library/4.0","3.0-4",NA,"R (>= 3.5.0)",NA,NA,NA,NA,"GPL (>= 2)",NA,NA,NA,NA,"no","4.0.0"
"caret","caret","C:/Users/Hannah/Documents/R/win-library/4.0","6.0-86",NA,"R (>= 3.2.0), lattice (>= 0.20), ggplot2","foreach, methods, plyr, ModelMetrics (>= 1.2.2.2), nlme,
reshape2, stats, stats4, utils, grDevices, recipes (>= 0.1.10),
withr (>= 2.0.0), pROC,",NA,"BradleyTerry2, e1071, earth (>= 2.2-3), fastICA, gam (>=
1.15), ipred, kernlab, knitr, klaR, MASS, ellipse, mda, mgcv,
mlbench, MLmetrics, nnet, party (>= 0.9-99992), pls, proxy,
randomForest, RANN, spls, subselect, pamr, superpc, Cubist,
testthat (>= 0.9.1), rpart, dplyr, covr",NA,"GPL (>= 2)",NA,NA,NA,NA,"yes","4.0.3"
"caTools","caTools","C:/Users/Hannah/Documents/R/win-library/4.0","1.18.1",NA,"R (>= 3.6.0)","bitops",NA,"MASS, rpart",NA,"GPL-3",NA,NA,NA,NA,"yes","4.0.3"
"cellranger","cellranger","C:/Users/Hannah/Documents/R/win-library/4.0","1.1.0",NA,"R (>= 3.0.0)","rematch, tibble",NA,"covr, testthat (>= 1.0.0), knitr, rmarkdown",NA,"MIT + file LICENSE",NA,NA,NA,NA,"no","4.0.2"
"checkmate","checkmate","C:/Users/Hannah/Documents/R/win-library/4.0","2.0.0",NA,"R (>= 3.0.0)","backports (>= 1.1.0), utils",NA,"R6, fastmatch, data.table (>= 1.9.8), devtools, ggplot2,
knitr, magrittr, microbenchmark, rmarkdown, testthat (>=
0.11.0), tinytest (>= 1.1.0), tibble",NA,"BSD_3_clause + file LICENSE",NA,NA,NA,NA,"yes","4.0.2"
"classInt","classInt","C:/Users/Hannah/Documents/R/win-library/4.0","0.4-3",NA,"R (>= 2.2)","grDevices, stats, graphics, e1071, class, KernSmooth",NA,"spData (>= 0.2.6.2), units, knitr, rmarkdown",NA,"GPL (>= 2)",NA,NA,NA,NA,"yes","4.0.2"
"cli","cli","C:/Users/Hannah/Documents/R/win-library/4.0","2.2.0",NA,"R (>= 2.10)","assertthat, crayon (>= 1.3.4), glue, methods, utils, fansi",NA,"callr, covr, htmlwidgets, knitr, mockery, ps (>= 1.3.4.9000),
rmarkdown, rstudioapi, prettycode (>= 1.1.0), testthat, withr",NA,"MIT + file LICENSE",NA,NA,NA,NA,"no","4.0.3"
"clipr","clipr","C:/Users/Hannah/Documents/R/win-library/4.0","0.7.1",NA,NA,"utils",NA,"covr, knitr, rmarkdown, rstudioapi (>= 0.5), testthat (>=
2.0.0)",NA,"GPL-3",NA,NA,NA,NA,"no","4.0.3"
"coin","coin","C:/Users/Hannah/Documents/R/win-library/4.0","1.4-0",NA,"R (>= 3.6.0), survival","methods, parallel, stats, stats4, utils, libcoin (>= 1.0-5),
matrixStats (>= 0.54.0), modeltools (>= 0.2-9), mvtnorm (>=
1.0-5), multcomp","libcoin (>= 1.0-5)","xtable, e1071, vcd, TH.data (>= 1.0-7)",NA,"GPL-2",NA,NA,NA,NA,"yes","4.0.3"
"colorspace","colorspace","C:/Users/Hannah/Documents/R/win-library/4.0","2.0-0",NA,"R (>= 3.0.0), methods","graphics, grDevices, stats",NA,"datasets, utils, KernSmooth, MASS, kernlab, mvtnorm, vcd,
tcltk, shiny, shinyjs, ggplot2, dplyr, scales, grid, png, jpeg,
knitr, rmarkdown, RColorBrewer, rcartocolor, scico, viridis,
wesanderson",NA,"BSD_3_clause + file LICENSE",NA,NA,NA,NA,"yes","4.0.3"
"combinat","combinat","C:/Users/Hannah/Documents/R/win-library/4.0","0.0-8",NA,NA,NA,NA,NA,NA,"GPL-2",NA,NA,NA,NA,NA,"4.0.0"
"commonmark","commonmark","C:/Users/Hannah/Documents/R/win-library/4.0","1.7",NA,NA,NA,NA,"curl, testthat, xml2",NA,"BSD_2_clause + file LICENSE",NA,NA,NA,NA,"yes","4.0.2"
"conquer","conquer","C:/Users/Hannah/Documents/R/win-library/4.0","1.0.2",NA,"R (>= 3.5.0)","Rcpp (>= 1.0.3), Matrix, matrixStats, stats","Rcpp, RcppArmadillo (>= 0.9.850.1.0)",NA,NA,"GPL-3",NA,NA,NA,NA,"yes","4.0.2"
"corpcor","corpcor","C:/Users/Hannah/Documents/R/win-library/4.0","1.6.9",NA,"R (>= 3.0.2)","stats",NA,"",NA,"GPL (>= 3)",NA,NA,NA,NA,"no","4.0.3"
"corrplot","corrplot","C:/Users/Hannah/Documents/R/win-library/4.0","0.84",NA,NA,NA,NA,"knitr, RColorBrewer, testthat",NA,"GPL",NA,NA,NA,NA,"no","4.0.3"
"covr","covr","C:/Users/Hannah/Documents/R/win-library/4.0","3.5.1",NA,"R (>= 3.1.0), methods","digest, stats, utils, jsonlite, rex, httr, crayon, withr (>=
1.0.2), yaml",NA,"R6, curl, knitr, rmarkdown, htmltools, DT (>= 0.2), testthat,
rlang, rstudioapi (>= 0.2), xml2 (>= 1.0.0), parallel, memoise,
mockery",NA,"GPL-3",NA,NA,NA,NA,"yes","4.0.3"
"cowplot","cowplot","C:/Users/Hannah/Documents/R/win-library/4.0","1.1.1",NA,"R (>= 3.5.0)","ggplot2 (> 2.2.1), grid, gtable, grDevices, methods, rlang,
scales",NA,"Cairo, covr, dplyr, forcats, gridGraphics (>= 0.4-0), knitr,
lattice, magick, maps, PASWR, patchwork, rmarkdown, ragg,
testthat (>= 1.0.0), tidyr, vdiffr (>= 0.3.0), VennDiagram",NA,"GPL-2",NA,NA,NA,NA,"no","4.0.3"
"cpp11","cpp11","C:/Users/Hannah/Documents/R/win-library/4.0","0.2.5",NA,NA,NA,NA,"bench, brio, callr, cli, covr, decor, desc, ggplot2, glue,
knitr, lobstr, mockery, progress, rmarkdown, scales, testthat,
tibble, utils, vctrs, withr",NA,"MIT + file LICENSE",NA,NA,NA,NA,"no","4.0.3"
"crayon","crayon","C:/Users/Hannah/Documents/R/win-library/4.0","1.3.4",NA,NA,"grDevices, methods, utils",NA,"mockery, rstudioapi, testthat, withr",NA,"MIT + file LICENSE",NA,NA,NA,NA,"no","4.0.2"
"credentials","credentials","C:/Users/Hannah/Documents/R/win-library/4.0","1.3.0",NA,NA,"openssl (>= 1.3), sys (>= 2.1), curl, jsonlite, askpass",NA,"testthat, knitr, rmarkdown",NA,"MIT + file LICENSE",NA,NA,NA,NA,"no","4.0.3"
"crosstalk","crosstalk","C:/Users/Hannah/Documents/R/win-library/4.0","1.1.1",NA,NA,"htmltools (>= 0.3.6), jsonlite, lazyeval, R6",NA,"shiny, ggplot2, testthat (>= 2.1.0)",NA,"MIT + file LICENSE",NA,NA,NA,NA,"no","4.0.3"
"Cubist","Cubist","C:/Users/Hannah/Documents/R/win-library/4.0","0.2.3",NA,"lattice","reshape2, utils",NA,"mlbench, caret, knitr, modeldata, dplyr (>= 0.7.4), rlang,
tidyrules",NA,"GPL-3",NA,NA,NA,NA,"yes","4.0.3"
"curl","curl","C:/Users/Hannah/Documents/R/win-library/4.0","4.3",NA,"R (>= 3.0.0)",NA,NA,"spelling, testthat (>= 1.0.0), knitr, jsonlite, rmarkdown,
magrittr, httpuv (>= 1.4.4), webutils",NA,"MIT + file LICENSE",NA,NA,NA,NA,"yes","4.0.2"
"data.table","data.table","C:/Users/Hannah/Documents/R/win-library/4.0","1.13.6",NA,"R (>= 3.1.0)","methods",NA,"bit64 (>= 4.0.0), bit (>= 4.0.4), curl, R.utils, xts,
nanotime, zoo (>= 1.8-1), yaml, knitr, rmarkdown",NA,"MPL-2.0 | file LICENSE",NA,NA,NA,NA,"yes","4.0.3"
"DBI","DBI","C:/Users/Hannah/Documents/R/win-library/4.0","1.1.1",NA,"methods, R (>= 3.0.0)",NA,NA,"blob, covr, dbplyr, dplyr, glue, hms, knitr, magrittr,
rmarkdown, rprojroot, RMariaDB, RSQLite (>= 1.1-2), testthat,
xml2",NA,"LGPL (>= 2.1)",NA,NA,NA,NA,"no","4.0.3"
"dbplyr","dbplyr","C:/Users/Hannah/Documents/R/win-library/4.0","2.0.0",NA,"R (>= 3.1)","assertthat (>= 0.2.0), DBI (>= 1.0.0), dplyr (>= 0.8.0), glue
(>= 1.2.0), lifecycle, magrittr, methods, purrr (>= 0.2.5), R6
(>= 2.2.2), rlang (>= 0.2.0), tibble (>= 1.4.2), tidyselect (>=
0.2.4), blob (>= 1.2.0), utils, withr",NA,"bit64, covr, knitr, Lahman, nycflights13, odbc, RMariaDB (>=
1.0.2), rmarkdown, RPostgres (>= 1.1.3), RPostgreSQL, RSQLite
(>= 2.1.0), testthat (>= 3.0.0)",NA,"MIT + file LICENSE",NA,NA,NA,NA,"no","4.0.3"
"desc","desc","C:/Users/Hannah/Documents/R/win-library/4.0","1.2.0",NA,"R (>= 3.1.0)","assertthat, utils, R6, crayon, rprojroot",NA,"covr, testthat, whoami, withr",NA,"MIT + file LICENSE",NA,NA,NA,NA,"no","4.0.2"
"devtools","devtools","C:/Users/Hannah/Documents/R/win-library/4.0","2.3.2",NA,"R (>= 3.0.2), usethis (>= 1.6.3)","callr (>= 3.4.4), cli (>= 2.0.2), covr (>= 3.5.1), desc (>=
1.2.0), DT (>= 0.15), ellipsis (>= 0.3.1), httr (>= 1.4.2),
jsonlite (>= 1.7.1), memoise (>= 1.1.0), pkgbuild (>= 1.1.0),
pkgload (>= 1.1.0), rcmdcheck (>= 1.3.3), remotes (>= 2.2.0),
rlang (>= 0.4.7), roxygen2 (>= 7.1.1), rstudioapi (>= 0.11),
rversions (>= 2.0.2), sessioninfo (>= 1.1.1), stats, testthat
(>= 2.3.2), tools, utils, withr (>= 2.2.0)",NA,"BiocManager (>= 1.30.10), curl (>= 4.3), digest (>= 0.6.25),
foghorn (>= 1.3.1), gmailr (>= 1.0.0), knitr (>= 1.29), lintr
(>= 2.0.1), MASS, mockery (>= 0.4.2), pingr (>= 2.0.1), pkgdown
(>= 1.6.1), rhub (>= 1.1.1), rmarkdown (>= 2.3), spelling (>=
2.1)",NA,"GPL (>= 2)",NA,NA,NA,NA,"no","4.0.3"
"diffobj","diffobj","C:/Users/Hannah/Documents/R/win-library/4.0","0.3.3",NA,"R (>= 3.1.0)","crayon (>= 1.3.2), tools, methods, utils, stats",NA,"knitr, rmarkdown",NA,"GPL (>= 2)",NA,NA,NA,NA,"yes","4.0.3"
"digest","digest","C:/Users/Hannah/Documents/R/win-library/4.0","0.6.27",NA,"R (>= 3.3.0)","utils",NA,"tinytest, knitr, rmarkdown, minidown",NA,"GPL (>= 2)",NA,NA,NA,NA,"yes","4.0.3"
"dotCall64","dotCall64","C:/Users/Hannah/Documents/R/win-library/4.0","1.0-0",NA,"R (>= 3.1)",NA,NA,"microbenchmark, OpenMPController, RColorBrewer, roxygen2,
spam, testthat,",NA,"GPL (>= 2)",NA,NA,NA,NA,"yes","4.0.3"
"downloader","downloader","C:/Users/Hannah/Documents/R/win-library/4.0","0.4",NA,NA,"utils, digest",NA,"testthat",NA,"GPL-2",NA,NA,NA,NA,"no","4.0.2"
"dplyr","dplyr","C:/Users/Hannah/Documents/R/win-library/4.0","1.0.3",NA,"R (>= 3.3.0)","ellipsis, generics, glue (>= 1.3.2), lifecycle (>= 0.2.0),
magrittr (>= 1.5), methods, R6, rlang (>= 0.4.9), tibble (>=
2.1.3), tidyselect (>= 1.1.0), utils, vctrs (>= 0.3.5)",NA,"bench, broom, callr, covr, DBI, dbplyr (>= 1.4.3), knitr,
Lahman, lobstr, microbenchmark, nycflights13, purrr, rmarkdown,
RMySQL, RPostgreSQL, RSQLite, testthat (>= 2.1.0), withr",NA,"MIT + file LICENSE",NA,NA,NA,NA,"yes","4.0.3"
"DT","DT","C:/Users/Hannah/Documents/R/win-library/4.0","0.17",NA,NA,"htmltools (>= 0.3.6), htmlwidgets (>= 1.3), jsonlite (>=
0.9.16), magrittr, crosstalk, promises",NA,"knitr (>= 1.8), rmarkdown, shiny (>= 1.2.0), testit",NA,"GPL-3 | file LICENSE",NA,NA,NA,NA,"no","4.0.3"
"e1071","e1071","C:/Users/Hannah/Documents/R/win-library/4.0","1.7-4",NA,NA,"graphics, grDevices, class, stats, methods, utils",NA,"cluster, mlbench, nnet, randomForest, rpart, SparseM, xtable,
Matrix, MASS, slam",NA,"GPL-2 | GPL-3",NA,NA,NA,NA,"yes","4.0.3"
"earth","earth","C:/Users/Hannah/Documents/R/win-library/4.0","5.3.0",NA,"R (>= 3.4.0), Formula (>= 1.2-3), plotmo (>= 3.6.0),
TeachingDemos (>= 2.10)",NA,NA,"gam (>= 1.20), mgcv (>= 1.8-26), mda (>= 0.5-2), MASS (>=
7.3-51)",NA,"GPL-3",NA,NA,NA,NA,"yes","4.0.3"
"EDAWR","EDAWR","C:/Users/Hannah/Documents/R/win-library/4.0","0.1",NA,"R (>= 3.1.0)","forecast, babynames",NA,NA,NA,"CC0",NA,NA,NA,NA,"no","4.0.0"
"effsize","effsize","C:/Users/Hannah/Documents/R/win-library/4.0","0.8.1",NA,NA,NA,NA,"testthat",NA,"GPL-2",NA,NA,NA,NA,"no","4.0.3"
"ellipse","ellipse","C:/Users/Hannah/Documents/R/win-library/4.0","0.4.2",NA,"R (>= 2.0.0),graphics,stats",NA,NA,"MASS",NA,"GPL (>= 2)",NA,NA,NA,NA,"no","4.0.3"
"ellipsis","ellipsis","C:/Users/Hannah/Documents/R/win-library/4.0","0.3.1",NA,"R (>= 3.2)","rlang (>= 0.3.0)",NA,"covr, testthat",NA,"GPL-3",NA,NA,NA,NA,"yes","4.0.2"
"evaluate","evaluate","C:/Users/Hannah/Documents/R/win-library/4.0","0.14",NA,"R (>= 3.0.2)","methods",NA,"testthat, lattice, ggplot2",NA,"MIT + file LICENSE",NA,NA,NA,NA,"no","4.0.2"
"fansi","fansi","C:/Users/Hannah/Documents/R/win-library/4.0","0.4.2",NA,"R (>= 3.1.0)",NA,NA,"unitizer, knitr, rmarkdown",NA,"GPL (>= 2)",NA,NA,NA,NA,"yes","4.0.3"
"farver","farver","C:/Users/Hannah/Documents/R/win-library/4.0","2.0.3",NA,NA,NA,NA,"testthat (>= 2.1.0), covr",NA,"MIT + file LICENSE",NA,NA,NA,NA,"yes","4.0.2"
"fastICA","fastICA","C:/Users/Hannah/Documents/R/win-library/4.0","1.2-2",NA,"R (>= 3.0.0)",NA,NA,"MASS",NA,"GPL-2 | GPL-3",NA,NA,NA,NA,"yes","4.0.3"
"fastmap","fastmap","C:/Users/Hannah/Documents/R/win-library/4.0","1.0.1",NA,NA,NA,NA,"testthat (>= 2.1.1)",NA,"MIT + file LICENSE",NA,NA,NA,NA,"yes","4.0.2"
"fields","fields","C:/Users/Hannah/Documents/R/win-library/4.0","11.6",NA,"R (>= 3.0), methods, spam","maps",NA,NA,NA,"GPL (>= 2)",NA,NA,NA,NA,"yes","4.0.3"
"forcats","forcats","C:/Users/Hannah/Documents/R/win-library/4.0","0.5.0",NA,"R (>= 3.2)","ellipsis, magrittr, rlang, tibble",NA,"covr, ggplot2, testthat, readr, knitr, rmarkdown, dplyr",NA,"GPL-3",NA,NA,NA,NA,"no","4.0.2"
"foreach","foreach","C:/Users/Hannah/Documents/R/win-library/4.0","1.5.1",NA,"R (>= 2.5.0)","codetools, utils, iterators",NA,"randomForest, doMC, doParallel, testthat, knitr, rmarkdown",NA,"Apache License (== 2.0)",NA,NA,NA,NA,"no","4.0.3"
"forecast","forecast","C:/Users/Hannah/Documents/R/win-library/4.0","8.13",NA,"R (>= 3.0.2),","colorspace, fracdiff, ggplot2 (>= 2.2.1), graphics, lmtest,
magrittr, nnet, parallel, Rcpp (>= 0.11.0), stats, timeDate,
tseries, urca, zoo","Rcpp (>= 0.11.0), RcppArmadillo (>= 0.2.35)","forecTheta, knitr, methods, rmarkdown, rticles, seasonal,
testthat, uroot",NA,"GPL-3",NA,NA,NA,NA,"yes","4.0.3"
"Formula","Formula","C:/Users/Hannah/Documents/R/win-library/4.0","1.2-4",NA,"R (>= 2.0.0), stats",NA,NA,NA,NA,"GPL-2 | GPL-3",NA,NA,NA,NA,"no","4.0.3"
"fortunes","fortunes","C:/Users/Hannah/Documents/R/win-library/4.0","1.5-4",NA,NA,"utils",NA,NA,NA,"GPL-2 | GPL-3",NA,NA,NA,NA,"no","4.0.0"
"fracdiff","fracdiff","C:/Users/Hannah/Documents/R/win-library/4.0","1.5-1",NA,NA,"stats",NA,"longmemo, forecast, urca",NA,"GPL (>= 2)",NA,NA,NA,NA,"yes","4.0.3"
"fs","fs","C:/Users/Hannah/Documents/R/win-library/4.0","1.5.0",NA,"R (>= 3.1)","methods",NA,"testthat, covr, pillar (>= 1.0.0), tibble (>= 1.1.0), crayon,
rmarkdown, knitr, withr, spelling, vctrs (>= 0.3.0)",NA,"GPL-3",NA,NA,NA,NA,"yes","4.0.3"
"gam","gam","C:/Users/Hannah/Documents/R/win-library/4.0","1.20",NA,"R (>= 3.5.0),stats, splines, foreach",NA,NA,"akima, testthat",NA,"GPL-2",NA,NA,NA,NA,"yes","4.0.3"
"gapminder","gapminder","C:/Users/Hannah/Documents/R/win-library/4.0","0.3.0",NA,"R (>= 3.1.0)","tibble",NA,"dplyr, ggplot2, testthat",NA,"CC0",NA,NA,NA,NA,"no","4.0.3"
"generics","generics","C:/Users/Hannah/Documents/R/win-library/4.0","0.1.0",NA,"R (>= 3.1)","methods",NA,"covr, pkgload, testthat, tibble",NA,"MIT + file LICENSE",NA,NA,NA,NA,"no","4.0.3"
"gert","gert","C:/Users/Hannah/Documents/R/win-library/4.0","1.0.2",NA,NA,"askpass, credentials (>= 1.2.1), openssl (>= 1.4.1),
rstudioapi (>= 0.11), zip (>= 2.1.0)",NA,"spelling, knitr, rmarkdown, testthat",NA,"MIT + file LICENSE",NA,NA,NA,NA,"yes","4.0.3"
"ggplot2","ggplot2","C:/Users/Hannah/Documents/R/win-library/4.0","3.3.3",NA,"R (>= 3.2)","digest, glue, grDevices, grid, gtable (>= 0.1.1), isoband,
MASS, mgcv, rlang (>= 0.3.0), scales (>= 0.5.0), stats, tibble,
withr (>= 2.0.0)",NA,"covr, dplyr, ggplot2movies, hexbin, Hmisc, knitr, lattice,
mapproj, maps, maptools, multcomp, munsell, nlme, profvis,
quantreg, RColorBrewer, rgeos, rmarkdown, rpart, sf (>= 0.7-3),
svglite (>= 1.2.0.9001), testthat (>= 2.1.0), vdiffr (>= 0.3.0)","sp","MIT + file LICENSE",NA,NA,NA,NA,"no","4.0.3"
"ggpubr","ggpubr","C:/Users/Hannah/Documents/R/win-library/4.0","0.4.0",NA,"R (>= 3.1.0), ggplot2","ggrepel, grid, ggsci, stats, utils, tidyr, purrr, dplyr (>=
0.7.1), cowplot, ggsignif, scales, gridExtra, glue, polynom,
rlang, rstatix (>= 0.6.0), tibble, magrittr",NA,"grDevices, knitr, RColorBrewer, gtable",NA,"GPL-2",NA,NA,NA,NA,"no","4.0.3"
"ggrepel","ggrepel","C:/Users/Hannah/Documents/R/win-library/4.0","0.9.1",NA,"R (>= 3.0.0), ggplot2 (>= 2.2.0)","grid, Rcpp, rlang (>= 0.3.0), scales (>= 0.5.0)","Rcpp","knitr, rmarkdown, testthat, gridExtra, devtools, prettydoc,
ggbeeswarm, dplyr, magrittr, readr, stringr",NA,"GPL-3 | file LICENSE",NA,NA,NA,NA,"yes","4.0.3"
"ggsci","ggsci","C:/Users/Hannah/Documents/R/win-library/4.0","2.9",NA,"R (>= 3.0.2)","grDevices, scales, ggplot2 (>= 2.0.0)",NA,"knitr, rmarkdown, gridExtra, reshape2",NA,"GPL-3 | file LICENSE",NA,NA,NA,NA,"no","4.0.3"
"ggsignif","ggsignif","C:/Users/Hannah/Documents/R/win-library/4.0","0.6.0",NA,NA,"ggplot2 (>= 2.0.0)",NA,"testthat, knitr, rmarkdown",NA,"GPL-3",NA,NA,NA,NA,"no","4.0.3"
"ggthemes","ggthemes","C:/Users/Hannah/Documents/R/win-library/4.0","4.2.4",NA,"R (>= 3.3.0)","ggplot2 (>= 3.0.0), graphics, grid, methods, purrr, scales,
stringr, tibble",NA,"dplyr, covr, extrafont, glue, knitr, lattice, lintr, maps,
mapproj, pander, rlang, rmarkdown, spelling, testthat, tidyr,
vdiffr, withr",NA,"GPL-2",NA,NA,NA,NA,"no","4.0.3"
"gh","gh","C:/Users/Hannah/Documents/R/win-library/4.0","1.2.0",NA,NA,"cli (>= 2.0.1), gitcreds, httr (>= 1.2), ini, jsonlite",NA,"covr, knitr, rmarkdown, rprojroot, spelling, testthat (>=
2.3.2), withr",NA,"MIT + file LICENSE",NA,NA,NA,NA,"no","4.0.3"
"git2r","git2r","C:/Users/Hannah/Documents/R/win-library/4.0","0.28.0",NA,"R (>= 3.1)","graphics, utils",NA,"getPass",NA,"GPL-2",NA,NA,NA,NA,"yes","4.0.3"
"gitcreds","gitcreds","C:/Users/Hannah/Documents/R/win-library/4.0","0.1.1",NA,NA,NA,NA,"codetools, testthat, knitr, mockery, oskeyring, rmarkdown,
withr",NA,"MIT + file LICENSE",NA,NA,NA,NA,"no","4.0.3"
"glue","glue","C:/Users/Hannah/Documents/R/win-library/4.0","1.4.2",NA,"R (>= 3.2)","methods",NA,"testthat, covr, magrittr, crayon, knitr, rmarkdown, DBI,
RSQLite, R.utils, forcats, microbenchmark, rprintf, stringr,
ggplot2, dplyr, withr, vctrs (>= 0.3.0)",NA,"MIT + file LICENSE",NA,NA,NA,NA,"yes","4.0.3"
"gower","gower","C:/Users/Hannah/Documents/R/win-library/4.0","0.2.2",NA,NA,NA,NA,"tinytest (>= 0.9.3),",NA,"GPL-3",NA,NA,NA,NA,"yes","4.0.3"
"gplots","gplots","C:/Users/Hannah/Documents/R/win-library/4.0","3.1.1",NA,"R (>= 3.0)","gtools, stats, caTools, KernSmooth",NA,"grid, MASS, knitr",NA,"GPL-2",NA,NA,NA,NA,"no","4.0.3"
"gridExtra","gridExtra","C:/Users/Hannah/Documents/R/win-library/4.0","2.3",NA,NA,"gtable, grid, grDevices, graphics, utils",NA,"ggplot2, egg, lattice, knitr, testthat",NA,"GPL (>= 2)",NA,NA,NA,NA,"no","4.0.2"
"gtable","gtable","C:/Users/Hannah/Documents/R/win-library/4.0","0.3.0",NA,"R (>= 3.0)","grid",NA,"covr, testthat, knitr, rmarkdown, ggplot2, profvis",NA,"GPL-2",NA,NA,NA,NA,"no","4.0.2"
"gtools","gtools","C:/Users/Hannah/Documents/R/win-library/4.0","3.8.2",NA,"methods, stats, utils",NA,NA,NA,NA,"GPL-2",NA,NA,NA,NA,"yes","4.0.3"
"haven","haven","C:/Users/Hannah/Documents/R/win-library/4.0","2.3.1",NA,"R (>= 3.2)","forcats (>= 0.2.0), hms, methods, Rcpp (>= 0.11.4), readr (>=
0.1.0), rlang (>= 0.4.0), tibble, tidyselect, vctrs (>= 0.3.0)","Rcpp","covr, fs, knitr, rmarkdown, testthat, pillar (>= 1.4.0), cli,
crayon",NA,"MIT + file LICENSE",NA,NA,NA,NA,"yes","4.0.3"
"highr","highr","C:/Users/Hannah/Documents/R/win-library/4.0","0.8",NA,"R (>= 3.2.3)",NA,NA,"knitr, testit",NA,"GPL",NA,NA,NA,NA,"no","4.0.2"
"HistData","HistData","C:/Users/Hannah/Documents/R/win-library/4.0","0.8-6",NA,NA,NA,NA,"gtools, KernSmooth, maps, ggplot2, scales, proto, grid,
reshape, plyr, lattice, jpeg, car, gplots, sp, heplots, knitr,
rmarkdown, effects, lubridate, gridExtra, vcd, MASS",NA,"GPL",NA,NA,NA,NA,"no","4.0.2"
"Hmisc","Hmisc","C:/Users/Hannah/Documents/R/win-library/4.0","4.4-2",NA,"lattice, survival (>= 3.1-6), Formula, ggplot2 (>= 2.2)","methods, latticeExtra, cluster, rpart, nnet, foreign, gtable,
grid, gridExtra, data.table, htmlTable (>= 1.11.0), viridis,
htmltools, base64enc",NA,"acepack, chron, rms, mice, tables, knitr, plotly (>= 4.5.6),
rlang, plyr",NA,"GPL (>= 2)",NA,NA,NA,NA,"yes","4.0.3"
"hms","hms","C:/Users/Hannah/Documents/R/win-library/4.0","1.0.0",NA,NA,"ellipsis, lifecycle, methods, pkgconfig, rlang, vctrs (>=
0.2.1)",NA,"crayon, lubridate, pillar (>= 1.1.0), testthat (>= 3.0.0)",NA,"MIT + file LICENSE",NA,NA,NA,NA,"no","4.0.3"
"htmlTable","htmlTable","C:/Users/Hannah/Documents/R/win-library/4.0","2.1.0",NA,NA,"stringr, knitr (>= 1.6), magrittr (>= 1.5), methods,
checkmate, htmlwidgets, htmltools, rstudioapi (>= 0.6)",NA,"testthat, XML, xml2, Hmisc, reshape, rmarkdown, chron,
lubridate, tibble, purrr, tidyselect, glue, rlang, tidyr (>=
0.7.2), dplyr (>= 0.7.4)",NA,"GPL (>= 3)",NA,NA,NA,NA,"no","4.0.3"
"htmltools","htmltools","C:/Users/Hannah/Documents/R/win-library/4.0","0.5.1",NA,"R (>= 2.14.1)","utils, digest, grDevices, base64enc, rlang",NA,"markdown, testthat, withr, Cairo, ragg","knitr","GPL (>= 2)",NA,NA,NA,NA,"yes","4.0.3"
"htmlwidgets","htmlwidgets","C:/Users/Hannah/Documents/R/win-library/4.0","1.5.3",NA,NA,"grDevices, htmltools (>= 0.3), jsonlite (>= 0.9.16), yaml",NA,"knitr (>= 1.8), rmarkdown, testthat","shiny (>= 1.1)","MIT + file LICENSE",NA,NA,NA,NA,"no","4.0.3"
"httpuv","httpuv","C:/Users/Hannah/Documents/R/win-library/4.0","1.5.5",NA,"R (>= 2.15.1)","Rcpp (>= 0.11.0), utils, R6, promises, later (>= 0.8.0)","Rcpp, BH, later","testthat, callr, curl, websocket",NA,"GPL (>= 2) | file LICENSE",NA,NA,NA,NA,"yes","4.0.3"
"httr","httr","C:/Users/Hannah/Documents/R/win-library/4.0","1.4.2",NA,"R (>= 3.2)","curl (>= 3.0.0), jsonlite, mime, openssl (>= 0.8), R6",NA,"covr, httpuv, jpeg, knitr, png, readr, rmarkdown, testthat
(>= 0.8.0), xml2",NA,"MIT + file LICENSE",NA,NA,NA,NA,"no","4.0.2"
"ini","ini","C:/Users/Hannah/Documents/R/win-library/4.0","0.3.1",NA,NA,NA,NA,"testthat",NA,"GPL-3",NA,NA,NA,NA,"no","4.0.3"
"installr","installr","C:/Users/Hannah/Documents/R/win-library/4.0","0.22.0",NA,"R (>= 2.14.0), stringr, utils",NA,NA,"curl, XML, htmltab, devtools, rjson, data.table, plyr,
ggplot2, sp, tools, pkgbuild",NA,"GPL-2",NA,NA,"windows",NA,"no","4.0.3"
"ipred","ipred","C:/Users/Hannah/Documents/R/win-library/4.0","0.9-9",NA,"R (>= 2.10)","rpart (>= 3.1-8), MASS, survival, nnet, class, prodlim",NA,"mvtnorm, mlbench, TH.data",NA,"GPL (>= 2)",NA,NA,NA,NA,"yes","4.0.3"
"isoband","isoband","C:/Users/Hannah/Documents/R/win-library/4.0","0.2.3",NA,NA,"grid, utils","testthat","covr, ggplot2, knitr, magick, microbenchmark, rmarkdown, sf,
testthat, xml2",NA,"MIT + file LICENSE",NA,NA,NA,NA,"yes","4.0.3"
"ISwR","ISwR","C:/Users/Hannah/Documents/R/win-library/4.0","2.0-8",NA,"R (>= 2.6.0)",NA,NA,"survival,MASS",NA,"GPL (>= 2)",NA,NA,NA,NA,"no","4.0.3"
"iterators","iterators","C:/Users/Hannah/Documents/R/win-library/4.0","1.0.13",NA,"R (>= 2.5.0), utils",NA,NA,"RUnit, foreach",NA,"Apache License (== 2.0)",NA,NA,NA,NA,"no","4.0.3"
"jpeg","jpeg","C:/Users/Hannah/Documents/R/win-library/4.0","0.1-8.1",NA,"R (>= 2.9.0)",NA,NA,NA,NA,"GPL-2 | GPL-3",NA,NA,NA,NA,"yes","4.0.0"
"jsonlite","jsonlite","C:/Users/Hannah/Documents/R/win-library/4.0","1.7.2",NA,"methods",NA,NA,"httr, curl, plyr, testthat, knitr, rmarkdown, R.rsp, sf",NA,"MIT + file LICENSE",NA,NA,NA,NA,"yes","4.0.3"
"kernlab","kernlab","C:/Users/Hannah/Documents/R/win-library/4.0","0.9-29",NA,"R (>= 2.10)","methods, stats, grDevices, graphics",NA,NA,NA,"GPL-2",NA,NA,NA,NA,"yes","4.0.3"
"klaR","klaR","C:/Users/Hannah/Documents/R/win-library/4.0","0.6-15",NA,"R (>= 2.10.0), MASS","combinat, questionr, grDevices, stats, utils, graphics",NA,"scatterplot3d (>= 0.3-22), som, mlbench, rpart, e1071",NA,"GPL-2 | GPL-3",NA,NA,NA,NA,"no","4.0.2"
"knitr","knitr","C:/Users/Hannah/Documents/R/win-library/4.0","1.30",NA,"R (>= 3.2.3)","evaluate (>= 0.10), highr, markdown, stringr (>= 0.6), yaml
(>= 2.1.19), methods, xfun (>= 0.15), tools",NA,"formatR, testit, digest, rgl (>= 0.95.1201), codetools,
rmarkdown, htmlwidgets (>= 0.7), webshot, tikzDevice (>= 0.10),
tinytex, reticulate (>= 1.4), JuliaCall (>= 0.11.1), magick,
png, jpeg, gifski, xml2 (>= 1.2.0), httr, DBI (>= 0.4-1),
showtext, tibble, sass, ragg, styler (>= 1.2.0)",NA,"GPL",NA,NA,NA,NA,"no","4.0.3"
"labeling","labeling","C:/Users/Hannah/Documents/R/win-library/4.0","0.4.2",NA,NA,"stats, graphics",NA,NA,NA,"MIT + file LICENSE | Unlimited",NA,NA,NA,NA,"no","4.0.3"
"labelled","labelled","C:/Users/Hannah/Documents/R/win-library/4.0","2.7.0",NA,NA,"haven (>= 2.3.1), dplyr, lifecycle, rlang, vctrs, pillar,
tidyr",NA,"testthat, knitr, rmarkdown, questionr, snakecase, utf8, covr","memisc","GPL-3",NA,NA,NA,NA,"no","4.0.2"
"later","later","C:/Users/Hannah/Documents/R/win-library/4.0","1.1.0.1",NA,NA,"Rcpp (>= 0.12.9), rlang","Rcpp, BH","knitr, rmarkdown, testthat",NA,"GPL (>= 2)",NA,NA,NA,NA,"yes","4.0.2"
"latticeExtra","latticeExtra","C:/Users/Hannah/Documents/R/win-library/4.0","0.6-29",NA,"R (>= 3.6.0), lattice","grid, stats, utils, grDevices, png, jpeg, RColorBrewer",NA,"maps, mapproj, deldir, tripack, quantreg, zoo, MASS, mgcv",NA,"GPL (>= 2)",NA,NA,NA,NA,"no","4.0.2"
"lava","lava","C:/Users/Hannah/Documents/R/win-library/4.0","1.6.8.1",NA,"R (>= 3.0)","grDevices, graphics, methods, numDeriv, stats, survival,
SQUAREM, utils",NA,"KernSmooth, Matrix, Rgraphviz, data.table, ellipse, fields,
foreach, geepack, gof (>= 0.9), graph, knitr, bookdown,
rmarkdown, igraph (>= 0.6), lava.tobit (>= 0.4.7), lavaSearch2,
lme4, magrittr, mets (>= 1.1), nlme, optimx, polycor, quantreg,
rgl, R.rsp (>= 0.40), testthat (>= 0.11), visNetwork, zoo",NA,"GPL-3",NA,NA,NA,NA,"no","4.0.3"
"lazyeval","lazyeval","C:/Users/Hannah/Documents/R/win-library/4.0","0.2.2",NA,"R (>= 3.1.0)",NA,NA,"knitr, rmarkdown (>= 0.2.65), testthat, covr",NA,"GPL-3",NA,NA,NA,NA,"yes","4.0.3"
"libcoin","libcoin","C:/Users/Hannah/Documents/R/win-library/4.0","1.0-7",NA,"R (>= 3.4.0)","stats, mvtnorm","mvtnorm","coin",NA,"GPL-2",NA,NA,NA,NA,"yes","4.0.3"
"lifecycle","lifecycle","C:/Users/Hannah/Documents/R/win-library/4.0","0.2.0",NA,"R (>= 3.2)","glue, rlang (>= 0.4.0)",NA,"covr, crayon, knitr, rmarkdown, testthat (>= 2.1.0)",NA,"GPL-3",NA,NA,NA,NA,"no","4.0.2"
"lme4","lme4","C:/Users/Hannah/Documents/R/win-library/4.0","1.1-26",NA,"R (>= 3.2.0), Matrix (>= 1.2-1), methods, stats","graphics, grid, splines, utils, parallel, MASS, lattice, boot,
nlme (>= 3.1-123), minqa (>= 1.1.15), nloptr (>= 1.0.4),
statmod","Rcpp (>= 0.10.5), RcppEigen","knitr, rmarkdown, PKPDmodels, MEMSS, testthat (>= 0.8.1),
ggplot2, mlmRev, optimx (>= 2013.8.6), gamm4, pbkrtest, HSAUR3,
numDeriv, car, dfoptim, mgcv",NA,"GPL (>= 2)",NA,NA,NA,NA,"yes","4.0.3"
"lmtest","lmtest","C:/Users/Hannah/Documents/R/win-library/4.0","0.9-38",NA,"R (>= 3.0.0), stats, zoo","graphics",NA,"car, strucchange, sandwich, dynlm, stats4, survival, AER",NA,"GPL-2 | GPL-3",NA,NA,NA,NA,"yes","4.0.3"
"lubridate","lubridate","C:/Users/Hannah/Documents/R/win-library/4.0","1.7.9.2",NA,"methods, R (>= 3.2)","generics, Rcpp (>= 0.12.13)","Rcpp","covr, knitr, testthat (>= 2.1.0), vctrs (>= 0.3.0), rmarkdown","chron, timeDate, tis, zoo","GPL (>= 2)",NA,NA,NA,NA,"yes","4.0.3"
"magrittr","magrittr","C:/Users/Hannah/Documents/R/win-library/4.0","2.0.1",NA,NA,NA,NA,"covr, knitr, rlang, rmarkdown, testthat",NA,"MIT + file LICENSE",NA,NA,NA,NA,"yes","4.0.3"
"maps","maps","C:/Users/Hannah/Documents/R/win-library/4.0","3.3.0",NA,"R (>= 3.0.0)","graphics, utils",NA,"mapproj (>= 1.2-0), mapdata (>= 2.3.0), sp, maptools,
rnaturalearth",NA,"GPL-2",NA,NA,NA,NA,"yes","4.0.3"
"maptools","maptools","C:/Users/Hannah/Documents/R/win-library/4.0","1.0-2",NA,"R (>= 2.10), sp (>= 1.0-11)","foreign (>= 0.8), methods, grid, lattice, stats, utils,
grDevices",NA,"rgeos (>= 0.1-8), spatstat (>= 1.60), PBSmapping, maps,
RColorBrewer, raster, polyclip, spatstat.utils, plotrix","gpclib","GPL (>= 2)",NA,NA,NA,NA,"yes","4.0.2"
"markdown","markdown","C:/Users/Hannah/Documents/R/win-library/4.0","1.1",NA,"R (>= 2.11.1)","utils, xfun, mime (>= 0.3)",NA,"knitr, RCurl",NA,"GPL-2",NA,NA,NA,NA,"yes","4.0.2"
"MatrixModels","MatrixModels","C:/Users/Hannah/Documents/R/win-library/4.0","0.4-1",NA,"R (>= 3.0.1)","stats, methods, Matrix (>= 1.1-5)",NA,NA,NA,"GPL (>= 2)",NA,NA,NA,NA,"no","4.0.2"
"matrixStats","matrixStats","C:/Users/Hannah/Documents/R/win-library/4.0","0.57.0",NA,"R (>= 2.12.0)",NA,NA,"base64enc, ggplot2, knitr, microbenchmark, R.devices, R.rsp",NA,"Artistic-2.0",NA,NA,NA,NA,"yes","4.0.0"
"mda","mda","C:/Users/Hannah/Documents/R/win-library/4.0","0.5-2",NA,"R (>= 3.5.0), stats, class",NA,NA,"earth, testthat",NA,"GPL-2",NA,NA,NA,NA,"yes","4.0.3"
"memoise","memoise","C:/Users/Hannah/Documents/R/win-library/4.0","1.1.0",NA,NA,"digest (>= 0.6.3)",NA,"testthat, aws.s3, httr, covr",NA,"MIT + file LICENSE",NA,NA,NA,NA,"no","4.0.3"
"mice","mice","C:/Users/Hannah/Documents/R/win-library/4.0","3.12.0",NA,"R (>= 2.10.0)","broom, dplyr, generics, graphics, lattice, methods, Rcpp,
rlang, stats, tidyr, utils","cpp11, Rcpp","broom.mixed, knitr, lme4, MASS, mitml, miceadds, nnet, pan,
randomForest, rmarkdown, rpart, survival, testthat, lmtest",NA,"GPL-2 | GPL-3",NA,NA,NA,NA,"yes","4.0.3"
"mime","mime","C:/Users/Hannah/Documents/R/win-library/4.0","0.9",NA,NA,"tools",NA,NA,NA,"GPL",NA,NA,NA,NA,"yes","4.0.0"
"miniUI","miniUI","C:/Users/Hannah/Documents/R/win-library/4.0","0.1.1.1",NA,NA,"shiny (>= 0.13), htmltools (>= 0.3), utils",NA,NA,NA,"GPL-3",NA,NA,NA,NA,"no","4.0.2"
"minqa","minqa","C:/Users/Hannah/Documents/R/win-library/4.0","1.2.4",NA,NA,"Rcpp (>= 0.9.10)","Rcpp",NA,NA,"GPL-2",NA,NA,NA,NA,"yes","4.0.2"
"mlbench","mlbench","C:/Users/Hannah/Documents/R/win-library/4.0","2.1-1",NA,"R (>= 2.10)",NA,NA,"lattice",NA,"GPL-2",NA,NA,NA,NA,NA,"4.0.3"
"MLmetrics","MLmetrics","C:/Users/Hannah/Documents/R/win-library/4.0","1.1.1",NA,"R (>= 2.10)","stats, utils, ROCR",NA,"e1071",NA,"GPL-2",NA,NA,NA,NA,"no","4.0.3"
"mnormt","mnormt","C:/Users/Hannah/Documents/R/win-library/4.0","2.0.2",NA,"R (>= 2.2.0)","tmvnsim (>= 1.0-2)",NA,NA,NA,"GPL-2 | GPL-3",NA,NA,NA,NA,"yes","4.0.3"
"ModelMetrics","ModelMetrics","C:/Users/Hannah/Documents/R/win-library/4.0","1.2.2.2",NA,"R (>= 3.2.2)","Rcpp, data.table","Rcpp","testthat",NA,"GPL (>= 2)",NA,NA,NA,NA,"yes","4.0.3"
"modelr","modelr","C:/Users/Hannah/Documents/R/win-library/4.0","0.1.8",NA,"R (>= 3.2)","broom, magrittr, purrr (>= 0.2.2), rlang (>= 0.2.0), tibble,
tidyr (>= 0.8.0), tidyselect, vctrs",NA,"compiler, covr, ggplot2, testthat",NA,"GPL-3",NA,NA,NA,NA,"no","4.0.3"
"modeltools","modeltools","C:/Users/Hannah/Documents/R/win-library/4.0","0.2-23",NA,"stats, stats4","methods",NA,NA,NA,"GPL-2",NA,NA,NA,NA,"no","4.0.3"
"multcomp","multcomp","C:/Users/Hannah/Documents/R/win-library/4.0","1.4-15",NA,"stats, graphics, mvtnorm (>= 1.0-10), survival (>= 2.39-4),
TH.data (>= 1.0-2)","sandwich (>= 2.3-0), codetools",NA,"lme4 (>= 0.999375-16), nlme, robustbase, coin, MASS, foreign,
xtable, lmtest, coxme (>= 2.2-1), SimComp, ISwR, tram (>=
0.2-5)",NA,"GPL-2",NA,NA,NA,NA,"no","4.0.3"
"munsell","munsell","C:/Users/Hannah/Documents/R/win-library/4.0","0.5.0",NA,NA,"colorspace, methods",NA,"ggplot2, testthat",NA,"MIT + file LICENSE",NA,NA,NA,NA,"no","4.0.2"
"mvtnorm","mvtnorm","C:/Users/Hannah/Documents/R/win-library/4.0","1.1-1",NA,"R(>= 3.5.0)","stats, methods",NA,NA,NA,"GPL-2",NA,NA,NA,NA,"yes","4.0.3"
"nloptr","nloptr","C:/Users/Hannah/Documents/R/win-library/4.0","1.2.2.2",NA,NA,NA,NA,"testthat (>= 0.8.1), knitr, rmarkdown, inline (>= 0.3.14)",NA,"LGPL-3",NA,NA,NA,NA,"yes","4.0.2"
"numDeriv","numDeriv","C:/Users/Hannah/Documents/R/win-library/4.0","2016.8-1.1",NA,"R (>= 2.11.1)",NA,NA,NA,NA,"GPL-2",NA,NA,NA,NA,"no","4.0.3"
"nycflights13","nycflights13","C:/Users/Hannah/Documents/R/win-library/4.0","1.0.1",NA,"R (>= 3.2)","tibble",NA,"dplyr",NA,"CC0",NA,NA,NA,NA,"no","4.0.3"
"openssl","openssl","C:/Users/Hannah/Documents/R/win-library/4.0","1.4.3",NA,NA,"askpass",NA,"testthat (>= 2.1.0), digest, knitr, rmarkdown, jsonlite,
jose, sodium",NA,"MIT + file LICENSE",NA,NA,NA,NA,"yes","4.0.3"
"openxlsx","openxlsx","C:/Users/Hannah/Documents/R/win-library/4.0","4.2.3",NA,"R (>= 3.3.0)","grDevices, methods, Rcpp, stats, utils, zip, stringi","Rcpp","knitr, testthat, roxygen2, rmarkdown",NA,"MIT + file LICENSE",NA,NA,NA,NA,"yes","4.0.3"
"pamr","pamr","C:/Users/Hannah/Documents/R/win-library/4.0","1.56.1",NA,"R (>= 2.10), cluster, survival",NA,NA,NA,NA,"GPL-2",NA,NA,NA,NA,"yes","4.0.3"
"PANDA","PANDA","C:/Users/Hannah/Documents/R/win-library/4.0","0.9.9",NA,"R (>= 2.10)","GO.db, cluster",NA,NA,NA,"Artistic-2.0",NA,NA,NA,NA,"no","4.0.3"
"party","party","C:/Users/Hannah/Documents/R/win-library/4.0","1.3-5",NA,"R (>= 3.0.0), methods, grid, stats, mvtnorm (>= 1.0-2),
modeltools (>= 0.2-21), strucchange","survival (>= 2.37-7), coin (>= 1.1-0), zoo, sandwich (>=
1.1-1)","mvtnorm","TH.data (>= 1.0-3), mlbench, colorspace, MASS, vcd, ipred,
varImp",NA,"GPL-2",NA,NA,NA,NA,"yes","4.0.3"
"pbkrtest","pbkrtest","C:/Users/Hannah/Documents/R/win-library/4.0","0.5-0.1",NA,"R (>= 3.5.0), lme4 (>= 1.1.10)","broom, dplyr, magrittr, MASS, Matrix (>= 1.2.3), methods,
numDeriv, parallel, knitr",NA,NA,NA,"GPL (>= 2)",NA,NA,NA,NA,"no","4.0.3"
"pillar","pillar","C:/Users/Hannah/Documents/R/win-library/4.0","1.4.7",NA,NA,"cli, crayon (>= 1.3.4), ellipsis, fansi, lifecycle, rlang (>=
0.3.0), utf8 (>= 1.1.0), vctrs (>= 0.2.0)",NA,"bit64, knitr, lubridate, testthat (>= 2.0.0), withr",NA,"GPL-3",NA,NA,NA,NA,"no","4.0.3"
"pkgbuild","pkgbuild","C:/Users/Hannah/Documents/R/win-library/4.0","1.2.0",NA,"R (>= 3.1)","callr (>= 3.2.0), cli, crayon, desc, prettyunits, R6,
rprojroot, withr (>= 2.1.2)",NA,"Rcpp, cpp11, testthat, covr",NA,"MIT + file LICENSE",NA,NA,NA,NA,"no","4.0.3"
"pkgconfig","pkgconfig","C:/Users/Hannah/Documents/R/win-library/4.0","2.0.3",NA,NA,"utils",NA,"covr, testthat, disposables (>= 1.0.3)",NA,"MIT + file LICENSE",NA,NA,NA,NA,"no","4.0.2"
"pkgload","pkgload","C:/Users/Hannah/Documents/R/win-library/4.0","1.1.0",NA,NA,"cli, crayon, desc, methods, pkgbuild, rlang, rprojroot,
rstudioapi, utils, withr",NA,"bitops, covr, Rcpp, testthat",NA,"GPL-3",NA,NA,NA,NA,"yes","4.0.2"
"plotmo","plotmo","C:/Users/Hannah/Documents/R/win-library/4.0","3.6.0",NA,"R (>= 3.4.0), Formula (>= 1.2-3), plotrix, TeachingDemos",NA,NA,"C50 (>= 0.1.0-24), earth (>= 5.1.2), gbm (>= 2.1.1), glmnet
(>= 2.0.5), glmnetUtils (>= 1.0.3), MASS (>= 7.3-51), mlr (>=
2.12.1), neuralnet (>= 1.33), partykit (>= 1.2-2), pre (>=
0.5.0), rpart (>= 4.1-15), rpart.plot (>= 3.0.8)",NA,"GPL-3",NA,NA,NA,NA,"no","4.0.3"
"plotrix","plotrix","C:/Users/Hannah/Documents/R/win-library/4.0","3.7-8",NA,"R (>= 3.5.0)","grDevices, graphics, stats, utils",NA,NA,NA,"GPL (>= 2)",NA,NA,NA,NA,"no","4.0.3"
"pls","pls","C:/Users/Hannah/Documents/R/win-library/4.0","2.7-3",NA,"R (>= 2.10)","grDevices, graphics, methods, stats",NA,"MASS, parallel, Rmpi, testthat, RUnit",NA,"GPL-2",NA,NA,NA,NA,"no","4.0.3"
"plyr","plyr","C:/Users/Hannah/Documents/R/win-library/4.0","1.8.6",NA,"R (>= 3.1.0)","Rcpp (>= 0.11.0)","Rcpp","abind, covr, doParallel, foreach, iterators, itertools,
tcltk, testthat",NA,"MIT + file LICENSE",NA,NA,NA,NA,"yes","4.0.3"
"png","png","C:/Users/Hannah/Documents/R/win-library/4.0","0.1-7",NA,"R (>= 2.9.0)",NA,NA,NA,NA,"GPL-2 | GPL-3",NA,NA,NA,NA,"yes","4.0.0"
"polynom","polynom","C:/Users/Hannah/Documents/R/win-library/4.0","1.4-0",NA,NA,"stats, graphics",NA,"knitr, rmarkdown",NA,"GPL-2",NA,NA,NA,NA,"no","4.0.3"
"praise","praise","C:/Users/Hannah/Documents/R/win-library/4.0","1.0.0",NA,NA,NA,NA,"testthat",NA,"MIT + file LICENSE",NA,NA,NA,NA,"no","4.0.2"
"prettyunits","prettyunits","C:/Users/Hannah/Documents/R/win-library/4.0","1.1.1",NA,NA,NA,NA,"codetools, covr, testthat",NA,"MIT + file LICENSE",NA,NA,NA,NA,"no","4.0.2"
"pROC","pROC","C:/Users/Hannah/Documents/R/win-library/4.0","1.17.0.1",NA,"R (>= 2.14)","methods, plyr, Rcpp (>= 0.11.1)","Rcpp","microbenchmark, tcltk, MASS, logcondens, doParallel,
testthat, vdiffr, ggplot2",NA,"GPL (>= 3)",NA,NA,NA,NA,"yes","4.0.3"
"processx","processx","C:/Users/Hannah/Documents/R/win-library/4.0","3.4.5",NA,NA,"ps (>= 1.2.0), R6, utils",NA,"callr (>= 3.2.0), codetools, covr, crayon, curl, debugme,
parallel, testthat, withr",NA,"MIT + file LICENSE",NA,NA,NA,NA,"yes","4.0.3"
"prodlim","prodlim","C:/Users/Hannah/Documents/R/win-library/4.0","2019.11.13",NA,"R (>= 2.9.0)","Rcpp (>= 0.11.5), stats, grDevices, graphics, survival,
KernSmooth, lava","Rcpp",NA,NA,"GPL (>= 2)",NA,NA,NA,NA,"yes","4.0.3"
"profileModel","profileModel","C:/Users/Hannah/Documents/R/win-library/4.0","0.6.1",NA,"R (>= 2.6.0)",NA,NA,"MASS, gnm",NA,"GPL (>= 2)",NA,NA,NA,NA,"no","4.0.3"
"progress","progress","C:/Users/Hannah/Documents/R/win-library/4.0","1.2.2",NA,NA,"hms, prettyunits, R6, crayon",NA,"Rcpp, testthat, withr",NA,"MIT + file LICENSE",NA,NA,NA,NA,"no","4.0.2"
"promises","promises","C:/Users/Hannah/Documents/R/win-library/4.0","1.1.1",NA,NA,"R6, Rcpp, later, rlang, stats, magrittr","later, Rcpp","testthat, future, knitr, rmarkdown",NA,"MIT + file LICENSE",NA,NA,NA,NA,"yes","4.0.2"
"proxy","proxy","C:/Users/Hannah/Documents/R/win-library/4.0","0.4-24",NA,"R (>= 3.4.0)","stats, utils",NA,"cba",NA,"GPL-2",NA,NA,NA,NA,"yes","4.0.3"
"ps","ps","C:/Users/Hannah/Documents/R/win-library/4.0","1.5.0",NA,"R (>= 3.1)","utils",NA,"callr, covr, curl, pingr, processx (>= 3.1.0), R6, rlang,
testthat, tibble",NA,"MIT + file LICENSE",NA,NA,NA,NA,"yes","4.0.3"
"psych","psych","C:/Users/Hannah/Documents/R/win-library/4.0","2.0.12",NA,NA,"mnormt,parallel,stats,graphics,grDevices,methods,lattice,nlme",NA,"psychTools, GPArotation, lavaan, lme4, Rcsdp, graph,
Rgraphviz",NA,"GPL (>= 2)",NA,NA,NA,NA,"no","4.0.3"
"purrr","purrr","C:/Users/Hannah/Documents/R/win-library/4.0","0.3.4",NA,"R (>= 3.2)","magrittr (>= 1.5), rlang (>= 0.3.1)",NA,"covr, crayon, dplyr (>= 0.7.8), knitr, rmarkdown, testthat,
tibble, tidyselect",NA,"GPL-3 | file LICENSE",NA,NA,NA,NA,"yes","4.0.2"
"qtl","qtl","C:/Users/Hannah/Documents/R/win-library/4.0","1.47-9",NA,"R (>= 2.14.0)","parallel, graphics, stats, utils, grDevices",NA,"testthat",NA,"GPL-3",NA,NA,NA,NA,"yes","4.0.3"
"quadprog","quadprog","C:/Users/Hannah/Documents/R/win-library/4.0","1.5-8",NA,"R (>= 3.1.0)",NA,NA,NA,NA,"GPL (>= 2)",NA,NA,NA,NA,"yes","4.0.3"
"quantmod","quantmod","C:/Users/Hannah/Documents/R/win-library/4.0","0.4.18",NA,"R (>= 3.2.0), xts(>= 0.9-0), zoo, TTR(>= 0.2), methods","curl",NA,"DBI,RMySQL,RSQLite,timeSeries,xml2,downloader,jsonlite(>=
1.1)",NA,"GPL-3",NA,NA,NA,NA,"no","4.0.3"
"quantreg","quantreg","C:/Users/Hannah/Documents/R/win-library/4.0","5.82",NA,"R (>= 2.6), stats, SparseM","methods, graphics, Matrix, MatrixModels, conquer",NA,"tripack, akima, MASS, survival, rgl, logspline, nor1mix,
Formula, zoo, R.rsp",NA,"GPL (>= 2)",NA,NA,NA,NA,"yes","4.0.3"
"questionr","questionr","C:/Users/Hannah/Documents/R/win-library/4.0","0.7.4",NA,"R (>= 3.5.0)","shiny (>= 1.0.5), miniUI, rstudioapi, highr, styler, classInt,
htmltools, graphics, stats, utils, labelled (>= 2.6.0)",NA,"testthat, roxygen2, dplyr, ggplot2, tidyr, janitor, forcats,
knitr, rmarkdown, survey, Hmisc",NA,"GPL (>= 2)",NA,NA,NA,NA,"no","4.0.3"
"qvcalc","qvcalc","C:/Users/Hannah/Documents/R/win-library/4.0","1.0.2",NA,NA,NA,NA,"relimp, MASS","psychotools, survival","GPL-2 | GPL-3",NA,NA,NA,NA,"no","4.0.3"
"R.cache","R.cache","C:/Users/Hannah/Documents/R/win-library/4.0","0.14.0",NA,"R (>= 2.14.0)","utils, R.methodsS3 (>= 1.7.1), R.oo (>= 1.23.0), R.utils (>=
2.8.0), digest (>= 0.6.13)",NA,NA,NA,"LGPL (>= 2.1)",NA,NA,NA,NA,"no","4.0.2"
"R.methodsS3","R.methodsS3","C:/Users/Hannah/Documents/R/win-library/4.0","1.8.1",NA,"R (>= 2.13.0)","utils",NA,"codetools",NA,"LGPL (>= 2.1)",NA,NA,NA,NA,"no","4.0.2"
"R.oo","R.oo","C:/Users/Hannah/Documents/R/win-library/4.0","1.24.0",NA,"R (>= 2.13.0), R.methodsS3 (>= 1.8.0)","methods, utils",NA,"tools",NA,"LGPL (>= 2.1)",NA,NA,NA,NA,"no","4.0.2"
"R.utils","R.utils","C:/Users/Hannah/Documents/R/win-library/4.0","2.10.1",NA,"R (>= 2.14.0), R.oo (>= 1.23.0)","methods, utils, tools, R.methodsS3 (>= 1.8.0)",NA,"digest (>= 0.6.10)",NA,"LGPL (>= 2.1)",NA,NA,NA,NA,"no","4.0.2"
"R6","R6","C:/Users/Hannah/Documents/R/win-library/4.0","2.5.0",NA,"R (>= 3.0)",NA,NA,"knitr, microbenchmark, pryr, testthat, ggplot2, scales",NA,"MIT + file LICENSE",NA,NA,NA,NA,"no","4.0.3"
"randomForest","randomForest","C:/Users/Hannah/Documents/R/win-library/4.0","4.6-14",NA,"R (>= 3.2.2), stats",NA,NA,"RColorBrewer, MASS",NA,"GPL (>= 2)",NA,NA,NA,NA,"yes","4.0.3"
"RANN","RANN","C:/Users/Hannah/Documents/R/win-library/4.0","2.6.1",NA,NA,NA,NA,"testthat",NA,"GPL (>= 3)",NA,NA,NA,NA,"yes","4.0.3"
"rappdirs","rappdirs","C:/Users/Hannah/Documents/R/win-library/4.0","0.3.1",NA,"R (>= 2.14), methods",NA,NA,"testthat, roxygen2",NA,"MIT + file LICENSE",NA,NA,NA,NA,"yes","4.0.3"
"rcmdcheck","rcmdcheck","C:/Users/Hannah/Documents/R/win-library/4.0","1.3.3",NA,NA,"callr (>= 3.1.1.9000), cli (>= 1.1.0), crayon, desc (>=
1.2.0), digest, pkgbuild, prettyunits, R6, rprojroot,
sessioninfo (>= 1.1.1), utils, withr, xopen",NA,"covr, knitr, mockery, rmarkdown, testthat",NA,"MIT + file LICENSE",NA,NA,NA,NA,"no","4.0.3"
"RColorBrewer","RColorBrewer","C:/Users/Hannah/Documents/R/win-library/4.0","1.1-2",NA,"R (>= 2.0.0)",NA,NA,NA,NA,"Apache License 2.0",NA,NA,NA,NA,"no","4.0.0"
"Rcpp","Rcpp","C:/Users/Hannah/Documents/R/win-library/4.0","1.0.6",NA,NA,"methods, utils",NA,"tinytest, inline, rbenchmark, pkgKitten (>= 0.1.2)",NA,"GPL (>= 2)",NA,NA,NA,NA,"yes","4.0.3"
"RcppArmadillo","RcppArmadillo","C:/Users/Hannah/Documents/R/win-library/4.0","0.10.1.2.2",NA,"R (>= 3.3.0)","Rcpp (>= 0.11.0), stats, utils, methods","Rcpp","tinytest, Matrix (>= 1.3.0), pkgKitten, reticulate, slam",NA,"GPL (>= 2)",NA,NA,NA,NA,"yes","4.0.3"
"RcppEigen","RcppEigen","C:/Users/Hannah/Documents/R/win-library/4.0","0.3.3.7.0",NA,"R (>= 2.15.1)","Matrix (>= 1.1-0), Rcpp (>= 0.11.0), stats, utils","Rcpp","inline, tinytest, pkgKitten, microbenchmark",NA,"GPL (>= 2) | file LICENSE",NA,NA,NA,NA,"yes","4.0.2"
"RCurl","RCurl","C:/Users/Hannah/Documents/R/win-library/4.0","1.98-1.2",NA,"R (>= 3.4.0), methods","bitops",NA,"XML",NA,"BSD_3_clause + file LICENSE",NA,NA,NA,NA,"yes","4.0.2"
"readr","readr","C:/Users/Hannah/Documents/R/win-library/4.0","1.4.0",NA,"R (>= 3.1)","cli, clipr, crayon, hms (>= 0.4.1), methods, rlang, R6,
tibble, utils, lifecycle","BH, cpp11","covr, curl, dplyr, knitr, rmarkdown, spelling, stringi,
testthat, xml2",NA,"GPL (>= 2) | file LICENSE",NA,NA,NA,NA,"yes","4.0.2"
"readxl","readxl","C:/Users/Hannah/Documents/R/win-library/4.0","1.3.1",NA,NA,"cellranger, Rcpp (>= 0.12.18), tibble (>= 1.3.1), utils","progress, Rcpp","covr, knitr, rmarkdown, rprojroot (>= 1.1), testthat",NA,"GPL-3",NA,NA,NA,NA,"yes","4.0.2"
"recipes","recipes","C:/Users/Hannah/Documents/R/win-library/4.0","0.1.14",NA,"R (>= 3.1), dplyr","generics, glue, gower, ipred, lifecycle, lubridate, magrittr,
Matrix, purrr (>= 0.2.3), rlang (>= 0.4.0), stats, tibble,
tidyr (>= 1.0.0), tidyselect (>= 0.2.5), timeDate, utils, withr",NA,"covr, ddalpha, dimRed (>= 0.2.2), fastICA, ggplot2, igraph,
kernlab, knitr, modeldata, RANN, RcppRoll, rmarkdown, rpart,
rsample, RSpectra, testthat (>= 2.1.0), xml2",NA,"GPL-2",NA,NA,NA,NA,"no","4.0.3"
"rematch","rematch","C:/Users/Hannah/Documents/R/win-library/4.0","1.0.1",NA,NA,NA,NA,"covr, testthat",NA,"MIT + file LICENSE",NA,NA,NA,NA,"no","4.0.2"
"rematch2","rematch2","C:/Users/Hannah/Documents/R/win-library/4.0","2.1.2",NA,NA,"tibble",NA,"covr, testthat",NA,"MIT + file LICENSE",NA,NA,NA,NA,"no","4.0.2"
"remotes","remotes","C:/Users/Hannah/Documents/R/win-library/4.0","2.2.0",NA,"R (>= 3.0.0)","methods, stats, tools, utils",NA,"brew, callr, codetools, curl, covr, git2r (>= 0.23.0), knitr,
mockery, pkgbuild (>= 1.0.1), pingr, rmarkdown, rprojroot,
testthat, withr",NA,"GPL (>= 2)",NA,NA,NA,NA,"no","4.0.3"
"reprex","reprex","C:/Users/Hannah/Documents/R/win-library/4.0","0.3.0",NA,"R (>= 3.1)","callr (>= 2.0.0), clipr (>= 0.4.0), fs, rlang, rmarkdown,
utils, whisker, withr",NA,"covr, devtools, fortunes, knitr, miniUI, rprojroot,
rstudioapi, shiny, styler (>= 1.0.2), testthat (>= 2.0.0)",NA,"MIT + file LICENSE",NA,NA,NA,NA,"no","4.0.3"
"reshape","reshape","C:/Users/Hannah/Documents/R/win-library/4.0","0.8.8",NA,"R (>= 2.6.1)","plyr",NA,NA,NA,"MIT + file LICENSE",NA,NA,NA,NA,"yes","4.0.3"
"reshape2","reshape2","C:/Users/Hannah/Documents/R/win-library/4.0","1.4.4",NA,"R (>= 3.1)","plyr (>= 1.8.1), Rcpp, stringr","Rcpp","covr, lattice, testthat (>= 0.8.0)",NA,"MIT + file LICENSE",NA,NA,NA,NA,"yes","4.0.3"
"rex","rex","C:/Users/Hannah/Documents/R/win-library/4.0","1.2.0",NA,NA,"lazyeval",NA,"testthat, knitr, rmarkdown, dplyr, ggplot2, magrittr, Hmisc,
stringr, rvest, roxygen2, covr",NA,"MIT + file LICENSE",NA,NA,NA,NA,"no","4.0.3"
"rio","rio","C:/Users/Hannah/Documents/R/win-library/4.0","0.5.16",NA,"R (>= 2.15.0)","tools, stats, utils, foreign, haven (>= 1.1.0), curl (>= 0.6),
data.table (>= 1.9.8), readxl (>= 0.1.1), openxlsx, tibble",NA,"datasets, bit64, testthat, knitr, magrittr, clipr, csvy,
feather, fst, hexView, jsonlite, readODS (>= 1.6.4), readr,
rmatio, xml2 (>= 1.2.0), yaml",NA,"GPL-2",NA,NA,NA,NA,"no","4.0.2"
"rJava","rJava","C:/Users/Hannah/Documents/R/win-library/4.0","0.9-13",NA,"R (>= 2.5.0), methods",NA,NA,NA,NA,"GPL-2",NA,NA,NA,NA,"yes","4.0.3"
"rlang","rlang","C:/Users/Hannah/Documents/R/win-library/4.0","0.4.8",NA,"R (>= 3.2.0)",NA,NA,"cli, covr, crayon, glue, magrittr, methods, pillar,
rmarkdown, testthat (>= 2.3.0), vctrs (>= 0.2.3), withr","winch","GPL-3",NA,NA,NA,NA,"yes","4.0.3"
"rmarkdown","rmarkdown","C:/Users/Hannah/Documents/R/win-library/4.0","2.5",NA,"R (>= 3.0)","tools, utils, knitr (>= 1.22), yaml (>= 2.1.19), htmltools (>=
0.3.5), evaluate (>= 0.13), jsonlite, tinytex (>= 0.11), xfun
(>= 0.15), methods, stringr (>= 1.2.0)",NA,"shiny (>= 0.11), tufte, testthat, digest, dygraphs, vctrs,
tibble, fs, rsconnect",NA,"GPL-3",NA,NA,NA,NA,"no","4.0.3"
"ROCR","ROCR","C:/Users/Hannah/Documents/R/win-library/4.0","1.0-11",NA,"R (>= 3.6)","methods, graphics, grDevices, gplots, stats",NA,"testthat, knitr, rmarkdown",NA,"GPL (>= 2)",NA,NA,NA,NA,"no","4.0.3"
"roxygen2","roxygen2","C:/Users/Hannah/Documents/R/win-library/4.0","7.1.1",NA,"R (>= 3.2)","brew, commonmark, desc (>= 1.2.0), digest, knitr, methods,
pkgload (>= 1.0.2), purrr (>= 0.3.3), R6 (>= 2.1.2), Rcpp (>=
0.11.0), rlang, stringi, stringr (>= 1.0.0), utils, xml2","Rcpp","covr, devtools, rmarkdown, testthat (>= 2.1.0), R.methodsS3,
R.oo",NA,"GPL (>= 2)",NA,NA,NA,NA,"yes","4.0.3"
"rprojroot","rprojroot","C:/Users/Hannah/Documents/R/win-library/4.0","1.3-2",NA,"R (>= 3.0.0)","backports",NA,"testthat, mockr, knitr, withr, rmarkdown",NA,"GPL-3",NA,NA,NA,NA,"no","4.0.2"
"rstatix","rstatix","C:/Users/Hannah/Documents/R/win-library/4.0","0.6.0",NA,"R (>= 3.3.0)","stats, utils, tidyr (>= 1.0.0), purrr, broom (>= 0.5.6), rlang
(>= 0.3.1), tibble (>= 2.1.3), dplyr (>= 0.7.1), magrittr,
corrplot, tidyselect (>= 1.0.0), car, generics (>= 0.0.2)",NA,"knitr, rmarkdown, ggpubr, graphics, emmeans, coin, boot,
testthat, spelling",NA,"GPL-2",NA,NA,NA,NA,"no","4.0.3"
"rstudioapi","rstudioapi","C:/Users/Hannah/Documents/R/win-library/4.0","0.11",NA,NA,NA,NA,"testthat, knitr, rmarkdown, clipr",NA,"MIT + file LICENSE",NA,NA,NA,NA,"no","4.0.2"
"rversions","rversions","C:/Users/Hannah/Documents/R/win-library/4.0","2.0.2",NA,NA,"curl, utils, xml2 (>= 1.0.0)",NA,"mockery, testthat",NA,"MIT + file LICENSE",NA,NA,NA,NA,"no","4.0.3"
"rvest","rvest","C:/Users/Hannah/Documents/R/win-library/4.0","0.3.6",NA,"R (>= 3.2), xml2","httr (>= 0.5), magrittr, selectr",NA,"covr, knitr, png, rmarkdown, spelling, stringi (>= 0.3.1),
testthat",NA,"GPL-3",NA,NA,NA,NA,"no","4.0.3"
"sandwich","sandwich","C:/Users/Hannah/Documents/R/win-library/4.0","3.0-0",NA,"R (>= 3.0.0)","stats, utils, zoo",NA,"AER, car, geepack, lattice, lmtest, MASS, multiwayvcov,
parallel, pcse, plm, pscl, scatterplot3d, stats4, strucchange,
survival",NA,"GPL-2 | GPL-3",NA,NA,NA,NA,"no","4.0.3"
"scales","scales","C:/Users/Hannah/Documents/R/win-library/4.0","1.1.1",NA,"R (>= 3.2)","farver (>= 2.0.3), labeling, lifecycle, munsell (>= 0.5), R6,
RColorBrewer, viridisLite",NA,"bit64, covr, dichromat, ggplot2, hms (>= 0.5.0), testthat (>=
2.1.0)",NA,"MIT + file LICENSE",NA,NA,NA,NA,"no","4.0.2"
"selectr","selectr","C:/Users/Hannah/Documents/R/win-library/4.0","0.4-2",NA,"R (>= 3.0)","methods, stringr, R6",NA,"testthat, XML, xml2",NA,"BSD_3_clause + file LICENCE",NA,NA,NA,NA,"no","4.0.3"
"sessioninfo","sessioninfo","C:/Users/Hannah/Documents/R/win-library/4.0","1.1.1",NA,NA,"cli, tools, utils, withr",NA,"callr, covr, mockery, testthat",NA,"GPL-2",NA,NA,NA,NA,"no","4.0.3"
"shiny","shiny","C:/Users/Hannah/Documents/R/win-library/4.0","1.5.0",NA,"R (>= 3.0.2), methods","utils, grDevices, httpuv (>= 1.5.2), mime (>= 0.3), jsonlite
(>= 0.9.16), xtable, digest, htmltools (>= 0.4.0.9003), R6 (>=
2.0), sourcetools, later (>= 1.0.0), promises (>= 1.1.0),
tools, crayon, rlang (>= 0.4.0), fastmap (>= 1.0.0), withr,
commonmark (>= 1.7), glue (>= 1.3.2)",NA,"datasets, Cairo (>= 1.5-5), testthat (>= 2.1.1), knitr (>=
1.6), markdown, rmarkdown, ggplot2, reactlog (>= 1.0.0),
magrittr, shinytest, yaml, future, dygraphs, ragg, showtext",NA,"GPL-3 | file LICENSE",NA,NA,NA,NA,"no","4.0.2"
"sourcetools","sourcetools","C:/Users/Hannah/Documents/R/win-library/4.0","0.1.7",NA,"R (>= 3.0.2)",NA,NA,"testthat",NA,"MIT + file LICENSE",NA,NA,NA,NA,"yes","4.0.2"
"sp","sp","C:/Users/Hannah/Documents/R/win-library/4.0","1.4-4",NA,"R (>= 3.0.0), methods","utils, stats, graphics, grDevices, lattice, grid",NA,"RColorBrewer, rgdal (>= 1.2-3), rgeos (>= 0.3-13), gstat,
maptools, deldir",NA,"GPL (>= 2)",NA,NA,NA,NA,"yes","4.0.3"
"spam","spam","C:/Users/Hannah/Documents/R/win-library/4.0","2.5-1",NA,"R (>= 3.1), dotCall64, grid, methods",NA,NA,"spam64, fields, SparseM, Matrix, testthat, R.rsp, truncdist,
knitr, rmarkdown",NA,"LGPL-2 | BSD_3_clause + file LICENSE",NA,NA,NA,NA,"yes","4.0.3"
"SparseM","SparseM","C:/Users/Hannah/Documents/R/win-library/4.0","1.78",NA,"R (>= 2.15), methods","graphics, stats, utils",NA,NA,NA,"GPL (>= 2)",NA,NA,NA,NA,"yes","4.0.0"
"spls","spls","C:/Users/Hannah/Documents/R/win-library/4.0","2.2-3",NA,"R (>= 2.14)","MASS, nnet, parallel, pls",NA,NA,NA,"GPL (>= 2)",NA,NA,NA,NA,"no","4.0.3"
"SQUAREM","SQUAREM","C:/Users/Hannah/Documents/R/win-library/4.0","2020.5",NA,"R (>= 3.0)",NA,NA,"setRNG",NA,"GPL (>= 2)",NA,NA,NA,NA,"no","4.0.3"
"statmod","statmod","C:/Users/Hannah/Documents/R/win-library/4.0","1.4.35",NA,"R (>= 3.0.0)","stats, graphics",NA,"MASS, tweedie",NA,"GPL-2 | GPL-3",NA,NA,NA,NA,"yes","4.0.3"
"stringi","stringi","C:/Users/Hannah/Documents/R/win-library/4.0","1.4.6",NA,"R (>= 2.14)","tools, utils, stats",NA,NA,NA,"file LICENSE","yes",NA,NA,NA,"yes","4.0.0"
"stringr","stringr","C:/Users/Hannah/Documents/R/win-library/4.0","1.4.0",NA,"R (>= 3.1)","glue (>= 1.2.0), magrittr, stringi (>= 1.1.7)",NA,"covr, htmltools, htmlwidgets, knitr, rmarkdown, testthat",NA,"GPL-2 | file LICENSE",NA,NA,NA,NA,"no","4.0.2"
"strucchange","strucchange","C:/Users/Hannah/Documents/R/win-library/4.0","1.5-2",NA,"R (>= 2.10.0), zoo, sandwich","graphics, stats, utils",NA,"stats4, car, dynlm, e1071, foreach, lmtest, mvtnorm, tseries",NA,"GPL-2 | GPL-3",NA,NA,NA,NA,"yes","4.0.3"
"styler","styler","C:/Users/Hannah/Documents/R/win-library/4.0","1.3.2",NA,NA,"backports (>= 1.1.0), cli (>= 1.1.0), magrittr (>= 1.0.1),
purrr (>= 0.2.3), R.cache (>= 0.14.0), rematch2 (>= 2.0.1),
rlang (>= 0.1.1), rprojroot (>= 1.1), tibble (>= 1.4.2), tools,
withr (>= 1.0.0), xfun (>= 0.1)",NA,"data.tree (>= 0.1.6), digest, dplyr, here, knitr, prettycode,
rmarkdown, rstudioapi (>= 0.7), testthat (>= 2.1.0)",NA,"GPL-3",NA,NA,NA,NA,"no","4.0.2"
"subselect","subselect","C:/Users/Hannah/Documents/R/win-library/4.0","0.15.2",NA,"R (>= 3.5.0)","MASS, ISwR, corpcor",NA,NA,NA,"GPL (>= 2)",NA,NA,NA,NA,"yes","4.0.3"
"superpc","superpc","C:/Users/Hannah/Documents/R/win-library/4.0","1.12",NA,"R (>= 3.5.0)","survival, stats, graphics, grDevices",NA,NA,NA,"GPL (>= 3) | file LICENSE",NA,NA,NA,NA,"no","4.0.3"
"swirl","swirl","C:/Users/Hannah/Documents/R/win-library/4.0","2.4.5",NA,"R (>= 3.1.0)","stringr, testthat (>= 1.0.2), httr (>= 1.1.0), yaml, RCurl,
digest, tools, methods",NA,"stringi",NA,"MIT + file LICENSE",NA,NA,NA,NA,"no","4.0.2"
"sys","sys","C:/Users/Hannah/Documents/R/win-library/4.0","3.4",NA,NA,NA,NA,"unix (>= 1.4), spelling, testthat",NA,"MIT + file LICENSE",NA,NA,NA,NA,"yes","4.0.2"
"TeachingDemos","TeachingDemos","C:/Users/Hannah/Documents/R/win-library/4.0","2.12",NA,"R (>= 2.10)",NA,NA,"tkrplot, lattice, MASS, rgl, tcltk, tcltk2, png, ggplot2,
logspline, maptools, R2wd, manipulate",NA,"Artistic-2.0",NA,NA,NA,NA,"no","4.0.3"
"testthat","testthat","C:/Users/Hannah/Documents/R/win-library/4.0","3.0.0",NA,"R (>= 3.1)","brio, callr (>= 3.5.1), cli, crayon (>= 1.3.4), desc, digest,
ellipsis (>= 0.2.0), evaluate, jsonlite, lifecycle, magrittr,
methods, pkgload, praise, processx, ps (>= 1.3.4), R6 (>=
2.2.0), rlang (>= 0.4.1), utils, waldo (>= 0.2.1), withr (>=
2.0.0)",NA,"covr, curl (>= 0.9.5), diffviewer (>= 0.1.0), knitr, mockery,
rmarkdown, rstudioapi, shiny, usethis, vctrs (>= 0.1.0), xml2",NA,"MIT + file LICENSE",NA,NA,NA,NA,"yes","4.0.3"
"TH.data","TH.data","C:/Users/Hannah/Documents/R/win-library/4.0","1.0-10",NA,"R (>= 2.10.0), survival, MASS",NA,NA,"dplyr, gdata, plyr",NA,"GPL-3",NA,NA,NA,NA,"no","4.0.3"
"tibble","tibble","C:/Users/Hannah/Documents/R/win-library/4.0","3.0.4",NA,"R (>= 3.1.0)","cli, crayon (>= 1.3.4), ellipsis (>= 0.2.0), fansi (>= 0.4.0),
lifecycle (>= 0.2.0), magrittr, methods, pillar (>= 1.4.3),
pkgconfig, rlang (>= 0.4.3), utils, vctrs (>= 0.3.2)",NA,"bench, bit64, blob, covr, dplyr, evaluate, formattable, hms,
htmltools, import, knitr, lubridate, mockr, nycflights13,
purrr, rmarkdown, testthat (>= 2.1.0), tidyr, withr",NA,"MIT + file LICENSE",NA,NA,NA,NA,"yes","4.0.3"
"tidyr","tidyr","C:/Users/Hannah/Documents/R/win-library/4.0","1.1.2",NA,"R (>= 3.1)","dplyr (>= 0.8.2), ellipsis (>= 0.1.0), glue, magrittr, purrr,
rlang, tibble (>= 2.1.1), tidyselect (>= 1.1.0), utils, vctrs
(>= 0.3.0), lifecycle","cpp11 (>= 0.2.1)","covr, jsonlite, knitr, repurrrsive (>= 1.0.0), rmarkdown,
readr, testthat (>= 2.1.0)",NA,"MIT + file LICENSE",NA,NA,NA,NA,"yes","4.0.2"
"tidyselect","tidyselect","C:/Users/Hannah/Documents/R/win-library/4.0","1.1.0",NA,"R (>= 3.2)","ellipsis, glue (>= 1.3.0), purrr (>= 0.3.2), rlang (>= 0.4.6),
vctrs (>= 0.2.2)",NA,"covr, crayon, dplyr, knitr, magrittr, rmarkdown, testthat (>=
2.3.0), tibble (>= 2.1.3), withr",NA,"GPL-3",NA,NA,NA,NA,"yes","4.0.2"
"tidyverse","tidyverse","C:/Users/Hannah/Documents/R/win-library/4.0","1.3.0",NA,"R (>= 3.2)","broom (>= 0.5.2), cli (>= 1.1.0), crayon (>= 1.3.4), dbplyr
(>= 1.4.2), dplyr (>= 0.8.3), forcats (>= 0.4.0), ggplot2 (>=
3.2.1), haven (>= 2.2.0), hms (>= 0.5.2), httr (>= 1.4.1),
jsonlite (>= 1.6), lubridate (>= 1.7.4), magrittr (>= 1.5),
modelr (>= 0.1.5), pillar (>= 1.4.2), purrr (>= 0.3.3), readr
(>= 1.3.1), readxl (>= 1.3.1), reprex (>= 0.3.0), rlang (>=
0.4.1), rstudioapi (>= 0.10), rvest (>= 0.3.5), stringr (>=
1.4.0), tibble (>= 2.1.3), tidyr (>= 1.0.0), xml2 (>= 1.2.2)",NA,"covr, feather, glue, knitr, rmarkdown, testthat",NA,"GPL-3 | file LICENSE",NA,NA,NA,NA,"no","4.0.3"
"timeDate","timeDate","C:/Users/Hannah/Documents/R/win-library/4.0","3043.102",NA,"R (>= 2.15.1), graphics, utils, stats, methods",NA,NA,"date, RUnit",NA,"GPL (>= 2)",NA,NA,NA,NA,"no","4.0.3"
"tinytex","tinytex","C:/Users/Hannah/Documents/R/win-library/4.0","0.27",NA,NA,"xfun (>= 0.19)",NA,"testit, rstudioapi",NA,"MIT + file LICENSE",NA,NA,NA,NA,"no","4.0.3"
"tmvnsim","tmvnsim","C:/Users/Hannah/Documents/R/win-library/4.0","1.0-2",NA,NA,NA,NA,NA,NA,"GPL-2",NA,NA,NA,NA,"yes","4.0.3"
"tseries","tseries","C:/Users/Hannah/Documents/R/win-library/4.0","0.10-47",NA,"R (>= 2.10.0)","graphics, stats, utils, quadprog, zoo, quantmod (>= 0.4-9)",NA,NA,NA,"GPL-2",NA,NA,NA,NA,"yes","4.0.3"
"TTR","TTR","C:/Users/Hannah/Documents/R/win-library/4.0","0.24.2",NA,NA,"xts (>= 0.10-0), zoo, curl","xts","RUnit","quantmod","GPL (>= 2)",NA,NA,NA,NA,"yes","4.0.3"
"urca","urca","C:/Users/Hannah/Documents/R/win-library/4.0","1.3-0",NA,"R (>= 2.0.0), methods","nlme, graphics, stats",NA,NA,NA,"GPL (>= 2)",NA,NA,NA,NA,"yes","4.0.3"
"usethis","usethis","C:/Users/Hannah/Documents/R/win-library/4.0","1.6.3",NA,"R (>= 3.2)","clipr (>= 0.3.0), cli, crayon, curl (>= 2.7), desc, fs (>=
1.3.0), gh (>= 1.1.0), git2r (>= 0.23), glue (>= 1.3.0), purrr,
rematch2, rlang (>= 0.4.3), rprojroot (>= 1.2), rstudioapi,
stats, utils, whisker, withr, yaml",NA,"covr, knitr, magick, pkgdown (>= 1.4.0), rmarkdown, roxygen2,
spelling (>= 1.2), styler (>= 1.2.0), testthat (>= 2.1.0)",NA,"GPL-3",NA,NA,NA,NA,"no","4.0.3"
"UsingR","UsingR","C:/Users/Hannah/Documents/R/win-library/4.0","2.0-6",NA,"R (>= 2.15.0), MASS, HistData, Hmisc",NA,NA,"zoo, coin, ggplot2, vcd, lubridate, aplpack",NA,"GPL (>= 2)",NA,NA,NA,NA,"no","4.0.2"
"utf8","utf8","C:/Users/Hannah/Documents/R/win-library/4.0","1.1.4",NA,"R (>= 2.10)",NA,NA,"knitr, rmarkdown, testthat",NA,"Apache License (== 2.0) | file LICENSE",NA,NA,NA,NA,"yes","4.0.2"
"vctrs","vctrs","C:/Users/Hannah/Documents/R/win-library/4.0","0.3.4",NA,"R (>= 3.2)","ellipsis (>= 0.2.0), digest, glue, rlang (>= 0.4.7)",NA,"bit64, covr, crayon, dplyr (>= 0.8.5), generics, knitr,
pillar (>= 1.4.4), pkgdown, rmarkdown, testthat (>= 2.3.0),
tibble, withr, xml2, waldo (>= 0.2.0), zeallot",NA,"GPL-3",NA,NA,NA,NA,"yes","4.0.3"
"viridis","viridis","C:/Users/Hannah/Documents/R/win-library/4.0","0.5.1",NA,"R (>= 2.10), viridisLite (>= 0.3.0)","stats, ggplot2 (>= 1.0.1), gridExtra",NA,"hexbin (>= 1.27.0), scales, MASS, knitr, dichromat,
colorspace, rasterVis, httr, mapproj, vdiffr, svglite (>=
1.2.0), testthat, covr, rmarkdown, rgdal",NA,"MIT + file LICENSE",NA,NA,NA,NA,"no","4.0.2"
"viridisLite","viridisLite","C:/Users/Hannah/Documents/R/win-library/4.0","0.3.0",NA,"R (>= 2.10)",NA,NA,"hexbin (>= 1.27.0), ggplot2 (>= 1.0.1), testthat, covr",NA,"MIT + file LICENSE",NA,NA,NA,NA,"no","4.0.2"
"waldo","waldo","C:/Users/Hannah/Documents/R/win-library/4.0","0.2.2",NA,NA,"cli, diffobj, fansi, glue, methods, rematch2, rlang, tibble",NA,"testthat, covr, R6",NA,"MIT + file LICENSE",NA,NA,NA,NA,"no","4.0.3"
"whisker","whisker","C:/Users/Hannah/Documents/R/win-library/4.0","0.4",NA,NA,NA,NA,"markdown",NA,"GPL-3",NA,NA,NA,NA,"no","4.0.3"
"withr","withr","C:/Users/Hannah/Documents/R/win-library/4.0","2.3.0",NA,"R (>= 3.2.0)","graphics, grDevices, stats",NA,"covr, DBI, knitr, lattice, methods, rmarkdown, RSQLite,
testthat (>= 2.1.0)",NA,"GPL (>= 2)",NA,NA,NA,NA,"no","4.0.3"
"xfun","xfun","C:/Users/Hannah/Documents/R/win-library/4.0","0.19",NA,NA,"stats, tools",NA,"testit, parallel, codetools, rstudioapi, tinytex, mime,
markdown, knitr, htmltools, remotes, pak, rmarkdown",NA,"MIT + file LICENSE",NA,NA,NA,NA,"yes","4.0.3"
"xlsx","xlsx","C:/Users/Hannah/Documents/R/win-library/4.0","0.6.5",NA,NA,"rJava, xlsxjars, grDevices, utils",NA,"rprojroot, testthat, covr, tibble, knitr, rmarkdown",NA,"GPL-3",NA,NA,NA,NA,"no","4.0.3"
"xlsxjars","xlsxjars","C:/Users/Hannah/Documents/R/win-library/4.0","0.6.1",NA,"rJava",NA,NA,NA,NA,"GPL-3",NA,NA,NA,NA,"no","4.0.3"
"xml2","xml2","C:/Users/Hannah/Documents/R/win-library/4.0","1.3.2",NA,"R (>= 3.1.0)","methods",NA,"covr, curl, httr, knitr, magrittr, mockery, rmarkdown,
testthat (>= 2.1.0)",NA,"GPL (>= 2)",NA,NA,NA,NA,"yes","4.0.3"
"xopen","xopen","C:/Users/Hannah/Documents/R/win-library/4.0","1.0.0",NA,"R (>= 3.1)","processx",NA,"ps, testthat",NA,"MIT + file LICENSE",NA,NA,NA,NA,"no","4.0.3"
"xtable","xtable","C:/Users/Hannah/Documents/R/win-library/4.0","1.8-4",NA,"R (>= 2.10.0)","stats, utils",NA,"knitr, plm, zoo, survival",NA,"GPL (>= 2)",NA,NA,NA,NA,"no","4.0.2"
"xts","xts","C:/Users/Hannah/Documents/R/win-library/4.0","0.12.1",NA,"zoo (>= 1.7-12)","methods","zoo","timeSeries, timeDate, tseries, chron, fts, tis, RUnit",NA,"GPL (>= 2)",NA,NA,NA,NA,"yes","4.0.3"
"yaml","yaml","C:/Users/Hannah/Documents/R/win-library/4.0","2.2.1",NA,NA,NA,NA,"RUnit",NA,"BSD_3_clause + file LICENSE",NA,NA,NA,NA,"yes","4.0.2"
"zip","zip","C:/Users/Hannah/Documents/R/win-library/4.0","2.1.1",NA,NA,NA,NA,"covr, processx, R6, testthat, withr",NA,"CC0",NA,NA,NA,NA,"yes","4.0.2"
"zoo","zoo","C:/Users/Hannah/Documents/R/win-library/4.0","1.8-8",NA,"R (>= 3.1.0), stats","utils, graphics, grDevices, lattice (>= 0.20-27)",NA,"AER, coda, chron, fts, ggplot2 (>= 3.0.0), mondate, scales,
strucchange, timeDate, timeSeries, tis, tseries, xts",NA,"GPL-2 | GPL-3",NA,NA,NA,NA,"yes","4.0.3"
"base","base","C:/Program Files/R/R-4.0.3/library","4.0.3","base",NA,NA,NA,"methods",NA,"Part of R 4.0.3",NA,NA,NA,NA,NA,"4.0.3"
"boot","boot","C:/Program Files/R/R-4.0.3/library","1.3-25","recommended","R (>= 3.0.0), graphics, stats",NA,NA,"MASS, survival",NA,"Unlimited",NA,NA,NA,NA,"no","4.0.3"
"class","class","C:/Program Files/R/R-4.0.3/library","7.3-17","recommended","R (>= 3.0.0), stats, utils","MASS",NA,NA,NA,"GPL-2 | GPL-3",NA,NA,NA,NA,"yes","4.0.3"
"cluster","cluster","C:/Program Files/R/R-4.0.3/library","2.1.0","recommended","R (>= 3.3.0)","graphics, grDevices, stats, utils",NA,"MASS, Matrix",NA,"GPL (>= 2)",NA,NA,NA,NA,"yes","4.0.3"
"codetools","codetools","C:/Program Files/R/R-4.0.3/library","0.2-16","recommended","R (>= 2.1)",NA,NA,NA,NA,"GPL",NA,NA,NA,NA,"no","4.0.3"
"compiler","compiler","C:/Program Files/R/R-4.0.3/library","4.0.3","base",NA,NA,NA,NA,NA,"Part of R 4.0.3",NA,NA,NA,NA,NA,"4.0.3"
"datasets","datasets","C:/Program Files/R/R-4.0.3/library","4.0.3","base",NA,NA,NA,NA,NA,"Part of R 4.0.3",NA,NA,NA,NA,NA,"4.0.3"
"foreign","foreign","C:/Program Files/R/R-4.0.3/library","0.8-80","recommended","R (>= 4.0.0)","methods, utils, stats",NA,NA,NA,"GPL (>= 2)",NA,NA,NA,NA,"yes","4.0.3"
"graphics","graphics","C:/Program Files/R/R-4.0.3/library","4.0.3","base",NA,"grDevices",NA,NA,NA,"Part of R 4.0.3",NA,NA,NA,NA,"yes","4.0.3"
"grDevices","grDevices","C:/Program Files/R/R-4.0.3/library","4.0.3","base",NA,NA,NA,"KernSmooth",NA,"Part of R 4.0.3",NA,NA,NA,NA,"yes","4.0.3"
"grid","grid","C:/Program Files/R/R-4.0.3/library","4.0.3","base",NA,"grDevices, utils",NA,"lattice",NA,"Part of R 4.0.3",NA,NA,NA,NA,"yes","4.0.3"
"KernSmooth","KernSmooth","C:/Program Files/R/R-4.0.3/library","2.23-17","recommended","R (>= 2.5.0), stats",NA,NA,"MASS",NA,"Unlimited",NA,NA,NA,NA,"yes","4.0.3"
"lattice","lattice","C:/Program Files/R/R-4.0.3/library","0.20-41","recommended","R (>= 3.0.0)","grid, grDevices, graphics, stats, utils",NA,"KernSmooth, MASS, latticeExtra","chron","GPL (>= 2)",NA,NA,NA,NA,"yes","4.0.3"
"MASS","MASS","C:/Program Files/R/R-4.0.3/library","7.3-53","recommended","R (>= 3.1.0), grDevices, graphics, stats, utils","methods",NA,"lattice, nlme, nnet, survival",NA,"GPL-2 | GPL-3",NA,NA,NA,NA,"yes","4.0.3"
"Matrix","Matrix","C:/Program Files/R/R-4.0.3/library","1.2-18","recommended","R (>= 3.2.0)","methods, graphics, grid, stats, utils, lattice",NA,"expm, MASS","MatrixModels, graph, SparseM, sfsmisc","GPL (>= 2) | file LICENCE",NA,NA,NA,NA,"yes","4.0.3"
"methods","methods","C:/Program Files/R/R-4.0.3/library","4.0.3","base",NA,"utils, stats",NA,"codetools",NA,"Part of R 4.0.3",NA,NA,NA,NA,"yes","4.0.3"
"mgcv","mgcv","C:/Program Files/R/R-4.0.3/library","1.8-33","recommended","R (>= 2.14.0), nlme (>= 3.1-64)","methods, stats, graphics, Matrix, splines, utils",NA,"parallel, survival, MASS",NA,"GPL (>= 2)",NA,NA,NA,NA,"yes","4.0.3"
"nlme","nlme","C:/Program Files/R/R-4.0.3/library","3.1-149","recommended","R (>= 3.4.0)","graphics, stats, utils, lattice",NA,"Hmisc, MASS",NA,"GPL (>= 2) | file LICENCE",NA,NA,NA,NA,"yes","4.0.3"
"nnet","nnet","C:/Program Files/R/R-4.0.3/library","7.3-14","recommended","R (>= 3.0.0), stats, utils",NA,NA,"MASS",NA,"GPL-2 | GPL-3",NA,NA,NA,NA,"yes","4.0.3"
"parallel","parallel","C:/Program Files/R/R-4.0.3/library","4.0.3","base",NA,"tools, compiler",NA,"methods","snow, nws, Rmpi","Part of R 4.0.3",NA,NA,NA,NA,"yes","4.0.3"
"rpart","rpart","C:/Program Files/R/R-4.0.3/library","4.1-15","recommended","R (>= 2.15.0), graphics, stats, grDevices",NA,NA,"survival",NA,"GPL-2 | GPL-3",NA,NA,NA,NA,"yes","4.0.3"
"spatial","spatial","C:/Program Files/R/R-4.0.3/library","7.3-12","recommended","R (>= 3.0.0), graphics, stats, utils",NA,NA,"MASS",NA,"GPL-2 | GPL-3",NA,NA,NA,NA,"yes","4.0.3"
"splines","splines","C:/Program Files/R/R-4.0.3/library","4.0.3","base",NA,"graphics, stats",NA,"Matrix, methods",NA,"Part of R 4.0.3",NA,NA,NA,NA,"yes","4.0.3"
"stats","stats","C:/Program Files/R/R-4.0.3/library","4.0.3","base",NA,"utils, grDevices, graphics",NA,"MASS, Matrix, SuppDists, methods, stats4",NA,"Part of R 4.0.3",NA,NA,NA,NA,"yes","4.0.3"
"stats4","stats4","C:/Program Files/R/R-4.0.3/library","4.0.3","base",NA,"graphics, methods, stats",NA,NA,NA,"Part of R 4.0.3",NA,NA,NA,NA,NA,"4.0.3"
"survival","survival","C:/Program Files/R/R-4.0.3/library","3.2-7","recommended","R (>= 3.4.0)","graphics, Matrix, methods, splines, stats, utils",NA,NA,NA,"LGPL (>= 2)",NA,NA,NA,NA,"yes","4.0.3"
"tcltk","tcltk","C:/Program Files/R/R-4.0.3/library","4.0.3","base",NA,"utils",NA,NA,NA,"Part of R 4.0.3",NA,NA,NA,NA,"yes","4.0.3"
"tools","tools","C:/Program Files/R/R-4.0.3/library","4.0.3","base",NA,NA,NA,"codetools, methods, xml2, curl, commonmark",NA,"Part of R 4.0.3",NA,NA,NA,NA,"yes","4.0.3"
"translations","translations","C:/Program Files/R/R-4.0.3/library","4.0.3",NA,NA,NA,NA,NA,NA,"Part of R 4.0.3",NA,NA,NA,NA,NA,"4.0.3"
"utils","utils","C:/Program Files/R/R-4.0.3/library","4.0.3","base",NA,NA,NA,"methods, xml2, commonmark",NA,"Part of R 4.0.3",NA,NA,NA,NA,"yes","4.0.3"
